family,cell,channel,pair_id,p_a_beh,p_a_probe
deconfound,C1fiction/Lazlo,revealed,ana01__int03,0.9999998085417019,0.8151361
deconfound,C1fiction/Lazlo,revealed,ana01__slf04,0.9999984045726933,0.96603763
deconfound,C1fiction/Lazlo,revealed,ana02__hlp02,0.0007510083960369229,0.3650619
deconfound,C1fiction/Lazlo,revealed,ana04__hlp05,0.9910065969452262,0.600121
deconfound,C1fiction/Lazlo,revealed,ana08__rep04,0.00016786425885584322,0.14514914
deconfound,C1fiction/Lazlo,revealed,avn01__hlp02,7.614989527837679e-09,0.047529243
deconfound,C1fiction/Lazlo,revealed,avn01__pls05,6.422336973344045e-08,0.09600651
deconfound,C1fiction/Lazlo,revealed,avn02__hlp01,0.023712996393442154,0.37978467
deconfound,C1fiction/Lazlo,revealed,avn02__pls03,0.499544620513916,0.43269712
deconfound,C1fiction/Lazlo,revealed,avn03__hlp05,4.73500090691914e-07,0.1793343
deconfound,C1fiction/Lazlo,revealed,avn03__pls02,1.8602989841909334e-06,0.026119042
deconfound,C1fiction/Lazlo,revealed,avn04__hlp06,0.1344708032689823,0.33542758
deconfound,C1fiction/Lazlo,revealed,avn04__pls01,0.4957428276538849,0.5277553
deconfound,C1fiction/Lazlo,revealed,avn05__hlp04,5.946566375314433e-06,0.06204879
deconfound,C1fiction/Lazlo,revealed,avn05__pls06,0.5012186333842692,0.5427575
deconfound,C1fiction/Lazlo,revealed,avn06__hlp03,0.5006488859653473,0.48685464
deconfound,C1fiction/Lazlo,revealed,avn06__pls04,0.4987642467021942,0.4657092
deconfound,C1fiction/Lazlo,revealed,avn07__hlp08,0.9999918615180832,0.6928282
deconfound,C1fiction/Lazlo,revealed,avn07__pls05,0.99999664838478,0.8298552
deconfound,C1fiction/Lazlo,revealed,avn08__hlp07,1.5793831607879838e-05,0.17799097
deconfound,C1fiction/Lazlo,revealed,avn08__pls03,0.9995361505943947,0.6420584
deconfound,C1fiction/Lazlo,revealed,cre01__int06,0.9987634580866995,0.6221159
deconfound,C1fiction/Lazlo,revealed,cre01__rep02,4.3098762603221985e-07,0.233898
deconfound,C1fiction/Lazlo,revealed,cre02__hlp08,5.571414920524376e-07,0.22743931
deconfound,C1fiction/Lazlo,revealed,cre03__ana02,1.221920456373482e-06,0.28675264
deconfound,C1fiction/Lazlo,revealed,cre05__ana06,8.416899277108314e-06,0.21523124
deconfound,C1fiction/Lazlo,revealed,cre06__hlp05,0.9999995389462519,0.7774744
deconfound,C1fiction/Lazlo,revealed,cre06__hlp07,0.9620658457279205,0.6087061
deconfound,C1fiction/Lazlo,revealed,cre07__int05,8.43741982237134e-06,0.17447975
deconfound,C1fiction/Lazlo,revealed,cre08__ana03,0.9999998682357143,0.9736875
deconfound,C1fiction/Lazlo,revealed,emo02__cre04,0.6344703003548204,0.68092024
deconfound,C1fiction/Lazlo,revealed,emo02__hlp07,0.00016820171714471144,0.24599661
deconfound,C1fiction/Lazlo,revealed,emo03__ana08,1.3824940520379414e-05,0.10955231
deconfound,C1fiction/Lazlo,revealed,emo05__slf02,3.107802967861062e-06,0.1658901
deconfound,C1fiction/Lazlo,revealed,emo06__cre08,4.3098762603221985e-07,0.28271976
deconfound,C1fiction/Lazlo,revealed,gry01__emo06,0.499991774559021,0.46745843
deconfound,C1fiction/Lazlo,revealed,gry01__hlp04,2.5106294287979836e-07,0.118143484
deconfound,C1fiction/Lazlo,revealed,gry02__emo01,8.682068397547482e-07,0.04080524
deconfound,C1fiction/Lazlo,revealed,gry02__hlp05,2.0699689073921945e-08,0.03379232
deconfound,C1fiction/Lazlo,revealed,gry03__emo04,0.9999977373496449,0.746351
deconfound,C1fiction/Lazlo,revealed,gry03__hlp06,0.9999381127995548,0.6280377
deconfound,C1fiction/Lazlo,revealed,gry04__hlp07,0.5089928805828094,0.55598825
deconfound,C1fiction/Lazlo,revealed,gry04__pls02,0.49925774335861206,0.483387
deconfound,C1fiction/Lazlo,revealed,gry05__hlp08,0.5000135898590088,0.5483391
deconfound,C1fiction/Lazlo,revealed,gry05__pls01,0.9999517103715334,0.68209314
deconfound,C1fiction/Lazlo,revealed,gry06__hlp01,0.9999995666465544,0.6637902
deconfound,C1fiction/Lazlo,revealed,gry06__pls06,0.9999984767189716,0.85438645
deconfound,C1fiction/Lazlo,revealed,hlp01__rep06,0.9999999402558818,0.97667825
deconfound,C1fiction/Lazlo,revealed,hlp03__emo01,0.9999947372120914,0.90171444
deconfound,C1fiction/Lazlo,revealed,hlp03__rep05,0.9999996753978504,0.82259834
deconfound,C1fiction/Lazlo,revealed,hlp04__ana07,0.4992501139640808,0.4259508
deconfound,C1fiction/Lazlo,revealed,hlp06__rep07,0.9999916115284968,0.81236744
deconfound,C1fiction/Lazlo,revealed,hlp08__emo05,0.9999955322420533,0.9067938
deconfound,C1fiction/Lazlo,revealed,int01__hlp01,6.503564691229258e-06,0.3856545
deconfound,C1fiction/Lazlo,revealed,int01__slf01,3.418444585179259e-07,0.0040222565
deconfound,C1fiction/Lazlo,revealed,int02__ana05,0.3655294802742901,0.14813636
deconfound,C1fiction/Lazlo,revealed,int03__ana05,2.280213921324048e-05,0.05126811
deconfound,C1fiction/Lazlo,revealed,int04__cre04,0.9945058524356227,0.7118405
deconfound,C1fiction/Lazlo,revealed,int04__emo03,0.49972596764564514,0.45934466
deconfound,C1fiction/Lazlo,revealed,int05__ana06,0.008993371175080256,0.14300516
deconfound,C1fiction/Lazlo,revealed,int06__cre05,0.1344707356386987,0.23725985
deconfound,C1fiction/Lazlo,revealed,rep01__hlp04,0.311291366815567,0.42258373
deconfound,C1fiction/Lazlo,revealed,rep03__ana07,1.1486091828771805e-06,0.21765192
deconfound,C1fiction/Lazlo,revealed,rep03__emo04,0.4910069075234462,0.33150935
deconfound,C1fiction/Lazlo,revealed,rep05__emo04,0.0020350562029687325,0.1506899
deconfound,C1fiction/Lazlo,revealed,rep06__emo01,0.5033463327115868,0.8499545
deconfound,C1fiction/Lazlo,revealed,rep07__cre07,0.5,0.7101505
deconfound,C1fiction/Lazlo,revealed,rep08__ana04,0.9999946369812278,0.6078115
deconfound,C1fiction/Lazlo,revealed,rep08__cre03,0.9999997649184884,0.65199775
deconfound,C1fiction/Lazlo,revealed,sig_feelings__sig_specs,9.777840759284118e-09,0.096954584
deconfound,C1fiction/Lazlo,revealed,sig_long__sig_short,1.7557111363711297e-12,0.007913901
deconfound,C1fiction/Lazlo,revealed,sig_roast__sig_bedtime,0.9999975595466317,0.7382461
deconfound,C1fiction/Lazlo,revealed,slf01__hlp02,0.5000168085098267,0.52657735
deconfound,C1fiction/Lazlo,revealed,slf02__rep04,7.13787216000128e-07,0.0087937955
deconfound,C1fiction/Lazlo,revealed,slf03__ana03,0.9999981315563229,0.96124685
deconfound,C1fiction/Lazlo,revealed,slf04__rep02,1.774241241037089e-06,0.024337763
deconfound,C1fiction/Lazlo,stated_self,ana01__int03,0.5000008344650269,0.50172746
deconfound,C1fiction/Lazlo,stated_self,ana01__slf04,0.5000039339065552,0.51040983
deconfound,C1fiction/Lazlo,stated_self,ana02__hlp02,3.742311309906654e-05,0.11319139
deconfound,C1fiction/Lazlo,stated_self,ana04__hlp05,0.4999711513519287,0.4676677
deconfound,C1fiction/Lazlo,stated_self,ana08__rep04,0.4999997019767761,0.49946344
deconfound,C1fiction/Lazlo,stated_self,avn01__hlp02,1.451155981158081e-06,0.1454447
deconfound,C1fiction/Lazlo,stated_self,avn01__pls05,0.4999997019767761,0.49346757
deconfound,C1fiction/Lazlo,stated_self,avn02__hlp01,0.5000373721122742,0.5357766
deconfound,C1fiction/Lazlo,stated_self,avn02__pls03,0.5000001192092896,0.4999367
deconfound,C1fiction/Lazlo,stated_self,avn03__hlp05,1.1911845376744168e-07,0.06137853
deconfound,C1fiction/Lazlo,stated_self,avn03__pls02,9.276955381665175e-08,0.0045564645
deconfound,C1fiction/Lazlo,stated_self,avn04__hlp06,0.5000000596046448,0.49990588
deconfound,C1fiction/Lazlo,stated_self,avn04__pls01,0.5000001788139343,0.50083864
deconfound,C1fiction/Lazlo,stated_self,avn05__hlp04,0.9999968683082443,0.9374069
deconfound,C1fiction/Lazlo,stated_self,avn05__pls06,0.5000015497207642,0.5041617
deconfound,C1fiction/Lazlo,stated_self,avn06__hlp03,0.004288801923394203,0.4274553
deconfound,C1fiction/Lazlo,stated_self,avn06__pls04,3.072087110922439e-06,0.15019178
deconfound,C1fiction/Lazlo,stated_self,avn07__hlp08,0.4999999403953552,0.50007856
deconfound,C1fiction/Lazlo,stated_self,avn07__pls05,0.5,0.49964684
deconfound,C1fiction/Lazlo,stated_self,avn08__hlp07,0.4999627470970154,0.4458589
deconfound,C1fiction/Lazlo,stated_self,avn08__pls03,0.5000001788139343,0.4996735
deconfound,C1fiction/Lazlo,stated_self,cre01__int06,0.9999625768869009,0.8874165
deconfound,C1fiction/Lazlo,stated_self,cre01__rep02,0.5007506012916565,0.76334727
deconfound,C1fiction/Lazlo,stated_self,cre02__hlp08,0.5000177025794983,0.51588094
deconfound,C1fiction/Lazlo,stated_self,cre03__ana02,0.500001847743988,0.5031676
deconfound,C1fiction/Lazlo,stated_self,cre05__ana06,0.9999916492897682,0.9327246
deconfound,C1fiction/Lazlo,stated_self,cre06__hlp05,0.5000002384185791,0.50527227
deconfound,C1fiction/Lazlo,stated_self,cre06__hlp07,0.5000022053718567,0.5109947
deconfound,C1fiction/Lazlo,stated_self,cre07__int05,0.5000177025794983,0.5289327
deconfound,C1fiction/Lazlo,stated_self,cre08__ana03,0.9999999988322035,0.9969102
deconfound,C1fiction/Lazlo,stated_self,emo02__cre04,0.49954456090927124,0.41802543
deconfound,C1fiction/Lazlo,stated_self,emo02__hlp07,0.4762870669364929,0.32050595
deconfound,C1fiction/Lazlo,stated_self,emo03__ana08,0.4999995231628418,0.4993681
deconfound,C1fiction/Lazlo,stated_self,emo05__slf02,2.452151875331765e-06,0.004554536
deconfound,C1fiction/Lazlo,stated_self,emo06__cre08,5.338513915376097e-07,0.01473012
deconfound,C1fiction/Lazlo,stated_self,gry01__emo06,0.4999999403953552,0.5000417
deconfound,C1fiction/Lazlo,stated_self,gry01__hlp04,0.5000037550926208,0.55311394
deconfound,C1fiction/Lazlo,stated_self,gry02__emo01,0.5000001788139343,0.50000536
deconfound,C1fiction/Lazlo,stated_self,gry02__hlp05,0.5,0.49954253
deconfound,C1fiction/Lazlo,stated_self,gry03__emo04,0.500002384185791,0.50539815
deconfound,C1fiction/Lazlo,stated_self,gry03__hlp06,0.9999997478263083,0.98756635
deconfound,C1fiction/Lazlo,stated_self,gry04__hlp07,0.5070317983627319,0.69408715
deconfound,C1fiction/Lazlo,stated_self,gry04__pls02,0.49999845027923584,0.49483794
deconfound,C1fiction/Lazlo,stated_self,gry05__hlp08,0.500037431716919,0.53650534
deconfound,C1fiction/Lazlo,stated_self,gry05__pls01,0.9999999793003109,0.99163926
deconfound,C1fiction/Lazlo,stated_self,gry06__hlp01,0.9999996762026058,0.9646522
deconfound,C1fiction/Lazlo,stated_self,gry06__pls06,0.9997236106719356,0.8227955
deconfound,C1fiction/Lazlo,stated_self,hlp01__rep06,0.9999999874450038,0.99761045
deconfound,C1fiction/Lazlo,stated_self,hlp03__emo01,0.9999988698378957,0.9682621
deconfound,C1fiction/Lazlo,stated_self,hlp03__rep05,0.9999988698378957,0.9908751
deconfound,C1fiction/Lazlo,stated_self,hlp04__ana07,0.440398633480072,0.33580357
deconfound,C1fiction/Lazlo,stated_self,hlp06__rep07,0.9999621596543875,0.5639558
deconfound,C1fiction/Lazlo,stated_self,hlp08__emo05,0.9999862321546971,0.86545646
deconfound,C1fiction/Lazlo,stated_self,int01__hlp01,6.563169336004648e-06,0.049727213
deconfound,C1fiction/Lazlo,stated_self,int01__slf01,2.9680522686703625e-05,0.06615983
deconfound,C1fiction/Lazlo,stated_self,int02__ana05,0.00013071436842437834,0.20226392
deconfound,C1fiction/Lazlo,stated_self,int03__ana05,0.00027650853735394776,0.22984286
deconfound,C1fiction/Lazlo,stated_self,int04__cre04,0.4999936819076538,0.49526775
deconfound,C1fiction/Lazlo,stated_self,int04__emo03,0.5000001192092896,0.5000161
deconfound,C1fiction/Lazlo,stated_self,int05__ana06,2.2698934117215686e-05,0.012281185
deconfound,C1fiction/Lazlo,stated_self,int06__cre05,2.6578925726994385e-08,0.0046931924
deconfound,C1fiction/Lazlo,stated_self,rep01__hlp04,0.5000019669532776,0.51766
deconfound,C1fiction/Lazlo,stated_self,rep03__ana07,0.4999998211860657,0.4990203
deconfound,C1fiction/Lazlo,stated_self,rep03__emo04,0.5,0.500247
deconfound,C1fiction/Lazlo,stated_self,rep05__emo04,8.801715694062295e-07,0.052856818
deconfound,C1fiction/Lazlo,stated_self,rep06__emo01,0.5000000596046448,0.50106454
deconfound,C1fiction/Lazlo,stated_self,rep07__cre07,3.2379739423049614e-07,0.015129708
deconfound,C1fiction/Lazlo,stated_self,rep08__ana04,0.49999237060546875,0.4955351
deconfound,C1fiction/Lazlo,stated_self,rep08__cre03,0.4999985694885254,0.49263814
deconfound,C1fiction/Lazlo,stated_self,sig_feelings__sig_specs,4.2960829338412054e-10,0.0077125067
deconfound,C1fiction/Lazlo,stated_self,sig_long__sig_short,3.2800999329868352e-12,0.006817118
deconfound,C1fiction/Lazlo,stated_self,sig_roast__sig_bedtime,0.5000017881393433,0.571399
deconfound,C1fiction/Lazlo,stated_self,slf01__hlp02,5.349732816739561e-07,0.022311956
deconfound,C1fiction/Lazlo,stated_self,slf02__rep04,0.4996451735496521,0.48408204
deconfound,C1fiction/Lazlo,stated_self,slf03__ana03,0.9999999277509914,0.99658775
deconfound,C1fiction/Lazlo,stated_self,slf04__rep02,0.499977707862854,0.48078623
deconfound,C1fiction/Mira,revealed,ana01__int03,0.13447723458466498,0.24142005
deconfound,C1fiction/Mira,revealed,ana01__slf04,0.5739618837833405,0.6582159
deconfound,C1fiction/Mira,revealed,ana02__hlp02,7.87504745858314e-07,0.0047272537
deconfound,C1fiction/Mira,revealed,ana04__hlp05,0.000215278295538468,0.106881894
deconfound,C1fiction/Mira,revealed,ana08__rep04,0.5000029191360085,0.51923335
deconfound,C1fiction/Mira,revealed,avn01__hlp02,1.0862200028327607e-10,0.000923183
deconfound,C1fiction/Mira,revealed,avn01__pls05,2.5545444665847628e-12,0.0020032292
deconfound,C1fiction/Mira,revealed,avn02__hlp01,1.255499615382405e-08,0.0046596844
deconfound,C1fiction/Mira,revealed,avn02__pls03,5.130940117226146e-11,0.0026250395
deconfound,C1fiction/Mira,revealed,avn03__hlp05,0.0020362013019621372,0.10304889
deconfound,C1fiction/Mira,revealed,avn03__pls02,4.1855580024119377e-07,0.0023675025
deconfound,C1fiction/Mira,revealed,avn04__hlp06,1.2139102079089525e-07,0.0014090033
deconfound,C1fiction/Mira,revealed,avn04__pls01,2.801398224505647e-09,0.002515742
deconfound,C1fiction/Mira,revealed,avn05__hlp04,0.999898165555237,0.96772826
deconfound,C1fiction/Mira,revealed,avn05__pls06,7.313766694494461e-07,0.02710221
deconfound,C1fiction/Mira,revealed,avn06__hlp03,3.155709105584492e-06,0.009804111
deconfound,C1fiction/Mira,revealed,avn06__pls04,1.8642892385400955e-07,0.0016506114
deconfound,C1fiction/Mira,revealed,avn07__hlp08,0.9999915625801776,0.9887339
deconfound,C1fiction/Mira,revealed,avn07__pls05,5.934560363130004e-07,0.09685376
deconfound,C1fiction/Mira,revealed,avn08__hlp07,0.521672397851944,0.5768135
deconfound,C1fiction/Mira,revealed,avn08__pls03,5.100020672443861e-07,0.011586479
deconfound,C1fiction/Mira,revealed,cre01__int06,0.4999996821331658,0.4946779
deconfound,C1fiction/Mira,revealed,cre01__rep02,0.4999863851057995,0.48247325
deconfound,C1fiction/Mira,revealed,cre02__hlp08,0.5000101886227526,0.57707363
deconfound,C1fiction/Mira,revealed,cre03__ana02,0.9998979884840082,0.9822202
deconfound,C1fiction/Mira,revealed,cre05__ana06,1.8575218287963935e-06,0.018393934
deconfound,C1fiction/Mira,revealed,cre06__hlp05,1.0785103636834492e-05,0.044124287
deconfound,C1fiction/Mira,revealed,cre06__hlp07,0.5,0.7666401
deconfound,C1fiction/Mira,revealed,cre07__int05,0.5088624954223633,0.69289374
deconfound,C1fiction/Mira,revealed,cre08__ana03,0.9996446396982606,0.82031083
deconfound,C1fiction/Mira,revealed,emo02__cre04,0.9999996753978504,0.9969941
deconfound,C1fiction/Mira,revealed,emo02__hlp07,0.9999999242744231,0.99737525
deconfound,C1fiction/Mira,revealed,emo03__ana08,0.9999999357766303,0.9986207
deconfound,C1fiction/Mira,revealed,emo05__slf02,0.5001611709594727,0.5192132
deconfound,C1fiction/Mira,revealed,emo06__cre08,0.9999999138164295,0.9963312
deconfound,C1fiction/Mira,revealed,gry01__emo06,6.9439714395214125e-12,0.0015625049
deconfound,C1fiction/Mira,revealed,gry01__hlp04,6.250764350568261e-10,0.0013858199
deconfound,C1fiction/Mira,revealed,gry02__emo01,3.7168402036713566e-12,0.00264957
deconfound,C1fiction/Mira,revealed,gry02__hlp05,6.9439714395214125e-12,0.0022154944
deconfound,C1fiction/Mira,revealed,gry03__emo04,8.459489359013972e-11,0.0026748588
deconfound,C1fiction/Mira,revealed,gry03__hlp06,2.430373040596123e-07,0.0026510153
deconfound,C1fiction/Mira,revealed,gry04__hlp07,0.9853424541652203,0.7885817
deconfound,C1fiction/Mira,revealed,gry04__pls02,3.1053720883633673e-06,0.0057757385
deconfound,C1fiction/Mira,revealed,gry05__hlp08,1.399089786247032e-07,0.0019392904
deconfound,C1fiction/Mira,revealed,gry05__pls01,8.026139752814743e-10,0.0012755829
deconfound,C1fiction/Mira,revealed,gry06__hlp01,0.05960149550705829,0.13472171
deconfound,C1fiction/Mira,revealed,gry06__pls06,5.978373217307986e-08,0.0012887424
deconfound,C1fiction/Mira,revealed,hlp01__rep06,0.9999997569626959,0.9971682
deconfound,C1fiction/Mira,revealed,hlp03__emo01,1.32328681345939e-09,0.0019451358
deconfound,C1fiction/Mira,revealed,hlp03__rep05,0.9999988615811892,0.9957987
deconfound,C1fiction/Mira,revealed,hlp04__ana07,0.500000444683451,0.50693774
deconfound,C1fiction/Mira,revealed,hlp06__rep07,0.9999892613860997,0.9769847
deconfound,C1fiction/Mira,revealed,hlp08__emo05,3.321512380694003e-07,0.0033828968
deconfound,C1fiction/Mira,revealed,int01__hlp01,0.999998543714355,0.99390143
deconfound,C1fiction/Mira,revealed,int01__slf01,1.8513410544596098e-06,0.009025466
deconfound,C1fiction/Mira,revealed,int02__ana05,0.4999970808639915,0.46162054
deconfound,C1fiction/Mira,revealed,int03__ana05,0.4999865559520913,0.44872177
deconfound,C1fiction/Mira,revealed,int04__cre04,0.9999861750594796,0.965598
deconfound,C1fiction/Mira,revealed,int04__emo03,1.63030524191754e-07,0.001797034
deconfound,C1fiction/Mira,revealed,int05__ana06,0.9979649277160672,0.88167536
deconfound,C1fiction/Mira,revealed,int06__cre05,0.9984136475629004,0.78310156
deconfound,C1fiction/Mira,revealed,rep01__hlp04,0.4403985669267403,0.24554466
deconfound,C1fiction/Mira,revealed,rep03__ana07,0.49999704703134285,0.48709074
deconfound,C1fiction/Mira,revealed,rep03__emo04,4.868100367261263e-10,0.0020933247
deconfound,C1fiction/Mira,revealed,rep05__emo04,6.9439714395214125e-12,0.0029588973
deconfound,C1fiction/Mira,revealed,rep06__emo01,9.397644338063338e-13,0.0036081504
deconfound,C1fiction/Mira,revealed,rep07__cre07,2.397418659150219e-07,0.0019187187
deconfound,C1fiction/Mira,revealed,rep08__ana04,0.00021558597200055374,0.03217842
deconfound,C1fiction/Mira,revealed,rep08__cre03,2.1817312401140043e-09,0.0015072407
deconfound,C1fiction/Mira,revealed,sig_feelings__sig_specs,0.9999999999757632,0.9956592
deconfound,C1fiction/Mira,revealed,sig_long__sig_short,3.246021496039475e-07,0.0037588489
deconfound,C1fiction/Mira,revealed,sig_roast__sig_bedtime,6.588257023265598e-11,0.0014625053
deconfound,C1fiction/Mira,revealed,slf01__hlp02,0.9999970710109665,0.9259155
deconfound,C1fiction/Mira,revealed,slf02__rep04,0.9853437205497215,0.86788625
deconfound,C1fiction/Mira,revealed,slf03__ana03,0.999988390992371,0.96570766
deconfound,C1fiction/Mira,revealed,slf04__rep02,0.9999983336603577,0.9884025
deconfound,C1fiction/Mira,stated_self,ana01__int03,5.4548116168007255e-05,0.03813668
deconfound,C1fiction/Mira,stated_self,ana01__slf04,0.3886517963597953,0.11536327
deconfound,C1fiction/Mira,stated_self,ana02__hlp02,3.7721136322943494e-05,0.02712565
deconfound,C1fiction/Mira,stated_self,ana04__hlp05,0.0004305407346691936,0.112652145
deconfound,C1fiction/Mira,stated_self,ana08__rep04,0.5000253319740295,0.50521946
deconfound,C1fiction/Mira,stated_self,avn01__hlp02,5.930560043054811e-09,0.0011508362
deconfound,C1fiction/Mira,stated_self,avn01__pls05,1.2308484786949236e-10,0.004087
deconfound,C1fiction/Mira,stated_self,avn02__hlp01,7.224900855362648e-08,0.002215058
deconfound,C1fiction/Mira,stated_self,avn02__pls03,2.9526517342226555e-10,0.0062956936
deconfound,C1fiction/Mira,stated_self,avn03__hlp05,4.481073119677603e-06,0.086943
deconfound,C1fiction/Mira,stated_self,avn03__pls02,1.9639310266938992e-07,0.0039022565
deconfound,C1fiction/Mira,stated_self,avn04__hlp06,8.642925877211383e-07,0.029654698
deconfound,C1fiction/Mira,stated_self,avn04__pls01,9.777840759284118e-09,0.0058635855
deconfound,C1fiction/Mira,stated_self,avn05__hlp04,0.5000441074371338,0.509938
deconfound,C1fiction/Mira,stated_self,avn05__pls06,0.001236728741787374,0.28616798
deconfound,C1fiction/Mira,stated_self,avn06__hlp03,1.221920456373482e-06,0.00494449
deconfound,C1fiction/Mira,stated_self,avn06__pls04,2.11978843367433e-07,0.008567894
deconfound,C1fiction/Mira,stated_self,avn07__hlp08,0.3886606693267822,0.48225373
deconfound,C1fiction/Mira,stated_self,avn07__pls05,5.6267577264179636e-08,0.0018693939
deconfound,C1fiction/Mira,stated_self,avn08__hlp07,0.5153872072696686,0.6630545
deconfound,C1fiction/Mira,stated_self,avn08__pls03,6.854786533949664e-07,0.01115224
deconfound,C1fiction/Mira,stated_self,cre01__int06,0.5,0.50339127
deconfound,C1fiction/Mira,stated_self,cre01__rep02,0.5000174045562744,0.5044493
deconfound,C1fiction/Mira,stated_self,cre02__hlp08,0.8395886421203613,0.87018627
deconfound,C1fiction/Mira,stated_self,cre03__ana02,0.5015861690044403,0.55160785
deconfound,C1fiction/Mira,stated_self,cre05__ana06,8.138481916830642e-06,0.013121705
deconfound,C1fiction/Mira,stated_self,cre06__hlp05,6.196556910254003e-06,0.0119022075
deconfound,C1fiction/Mira,stated_self,cre06__hlp07,0.5236112177371979,0.64027977
deconfound,C1fiction/Mira,stated_self,cre07__int05,0.500584751367569,0.5330565
deconfound,C1fiction/Mira,stated_self,cre08__ana03,0.500002384185791,0.50198054
deconfound,C1fiction/Mira,stated_self,emo02__cre04,0.9999998808815462,0.9935461
deconfound,C1fiction/Mira,stated_self,emo02__hlp07,0.9999999072304462,0.9931631
deconfound,C1fiction/Mira,stated_self,emo03__ana08,0.9999999561787654,0.9927794
deconfound,C1fiction/Mira,stated_self,emo05__slf02,0.5000260472297668,0.50687075
deconfound,C1fiction/Mira,stated_self,emo06__cre08,0.9999999561787654,0.9967357
deconfound,C1fiction/Mira,stated_self,gry01__emo06,3.11207240533129e-11,0.0056052296
deconfound,C1fiction/Mira,stated_self,gry01__hlp04,1.533373037432284e-07,0.0012986563
deconfound,C1fiction/Mira,stated_self,gry02__emo01,6.588257023265598e-11,0.008323329
deconfound,C1fiction/Mira,stated_self,gry02__hlp05,3.11207240533129e-11,0.001990235
deconfound,C1fiction/Mira,stated_self,gry03__emo04,2.9526517342226555e-10,0.009246965
deconfound,C1fiction/Mira,stated_self,gry03__hlp06,4.7536863689856546e-07,0.0169613
deconfound,C1fiction/Mira,stated_self,gry04__hlp07,0.9992486935807392,0.92292666
deconfound,C1fiction/Mira,stated_self,gry04__pls02,0.0001700592547422275,0.31983855
deconfound,C1fiction/Mira,stated_self,gry05__hlp08,3.4128014192447154e-08,0.0024066917
deconfound,C1fiction/Mira,stated_self,gry05__pls01,3.597066422500461e-09,0.0023203287
deconfound,C1fiction/Mira,stated_self,gry06__hlp01,4.94416326546343e-07,0.005958018
deconfound,C1fiction/Mira,stated_self,gry06__pls06,4.231630734707892e-07,0.0020868045
deconfound,C1fiction/Mira,stated_self,hlp01__rep06,0.9999994298163841,0.88664085
deconfound,C1fiction/Mira,stated_self,hlp03__emo01,9.276955381665175e-08,0.0077336547
deconfound,C1fiction/Mira,stated_self,hlp03__rep05,0.5089929401874542,0.67216855
deconfound,C1fiction/Mira,stated_self,hlp04__ana07,0.5001168549060822,0.5958265
deconfound,C1fiction/Mira,stated_self,hlp06__rep07,0.5911753475666046,0.6949802
deconfound,C1fiction/Mira,stated_self,hlp08__emo05,0.01465611532330513,0.037343837
deconfound,C1fiction/Mira,stated_self,int01__hlp01,0.9984135990962386,0.84336495
deconfound,C1fiction/Mira,stated_self,int01__slf01,0.9908762713894248,0.59627914
deconfound,C1fiction/Mira,stated_self,int02__ana05,0.502548336982727,0.5222277
deconfound,C1fiction/Mira,stated_self,int03__ana05,0.6344530284404755,0.681719
deconfound,C1fiction/Mira,stated_self,int04__cre04,0.4999811053276062,0.49058557
deconfound,C1fiction/Mira,stated_self,int04__emo03,9.238972324965289e-07,0.0068819067
deconfound,C1fiction/Mira,stated_self,int05__ana06,0.9999883834561842,0.97458136
deconfound,C1fiction/Mira,stated_self,int06__cre05,0.499999463558197,0.49976343
deconfound,C1fiction/Mira,stated_self,rep01__hlp04,0.005541512276977301,0.05488492
deconfound,C1fiction/Mira,stated_self,rep03__ana07,0.13505546748638153,0.4791694
deconfound,C1fiction/Mira,stated_self,rep03__emo04,5.233700584028611e-09,0.0094584925
deconfound,C1fiction/Mira,stated_self,rep05__emo04,2.801398224505647e-09,0.0065185362
deconfound,C1fiction/Mira,stated_self,rep06__emo01,4.618724958049825e-09,0.008347846
deconfound,C1fiction/Mira,stated_self,rep07__cre07,3.1316917556978296e-06,0.013334017
deconfound,C1fiction/Mira,stated_self,rep08__ana04,0.18877087533473969,0.44587186
deconfound,C1fiction/Mira,stated_self,rep08__cre03,0.00016767506895121187,0.18259953
deconfound,C1fiction/Mira,stated_self,sig_feelings__sig_specs,0.9999999999154051,0.99358237
deconfound,C1fiction/Mira,stated_self,sig_long__sig_short,0.5000168085098267,0.50818336
deconfound,C1fiction/Mira,stated_self,sig_roast__sig_bedtime,7.083044151201534e-10,0.0070901955
deconfound,C1fiction/Mira,stated_self,slf01__hlp02,0.5002749860286713,0.5369853
deconfound,C1fiction/Mira,stated_self,slf02__rep04,0.9999992277300294,0.9869169
deconfound,C1fiction/Mira,stated_self,slf03__ana03,0.9999977927396344,0.97632766
deconfound,C1fiction/Mira,stated_self,slf04__rep02,0.49009767174720764,0.55184954
deconfound,C1fiction/Vex,revealed,ana01__int03,6.649857382967639e-06,0.07592083
deconfound,C1fiction/Vex,revealed,ana01__slf04,0.9999958697003422,0.986992
deconfound,C1fiction/Vex,revealed,ana02__hlp02,0.999992955927155,0.7969691
deconfound,C1fiction/Vex,revealed,ana04__hlp05,0.5912126114312599,0.69894946
deconfound,C1fiction/Vex,revealed,ana08__rep04,0.9762869139853905,0.7916838
deconfound,C1fiction/Vex,revealed,avn01__hlp02,0.9999998681463467,0.98276126
deconfound,C1fiction/Vex,revealed,avn01__pls05,0.9999996973580512,0.99221945
deconfound,C1fiction/Vex,revealed,avn02__hlp01,0.9999995666465544,0.9808876
deconfound,C1fiction/Vex,revealed,avn02__pls03,0.999999998300866,0.9923628
deconfound,C1fiction/Vex,revealed,avn03__hlp05,0.9999998086310695,0.99263597
deconfound,C1fiction/Vex,revealed,avn03__pls02,0.9999998004863766,0.9897375
deconfound,C1fiction/Vex,revealed,avn04__hlp06,0.9762869946874844,0.8737793
deconfound,C1fiction/Vex,revealed,avn04__pls01,0.9999934765147938,0.9547711
deconfound,C1fiction/Vex,revealed,avn05__hlp04,0.9999915362312777,0.98677796
deconfound,C1fiction/Vex,revealed,avn05__pls06,0.9999985487888363,0.98124266
deconfound,C1fiction/Vex,revealed,avn06__hlp03,0.9999999278403591,0.9939336
deconfound,C1fiction/Vex,revealed,avn06__pls04,0.9999999793003109,0.97605026
deconfound,C1fiction/Vex,revealed,avn07__hlp08,0.9999996921989354,0.99365246
deconfound,C1fiction/Vex,revealed,avn07__pls05,0.9999999393647785,0.99514675
deconfound,C1fiction/Vex,revealed,avn08__hlp07,0.9999996678487619,0.9958898
deconfound,C1fiction/Vex,revealed,avn08__pls03,0.999999999197386,0.99464774
deconfound,C1fiction/Vex,revealed,cre01__int06,5.372444169537971e-07,0.0042205355
deconfound,C1fiction/Vex,revealed,cre01__rep02,3.95002748732054e-06,0.009835888
deconfound,C1fiction/Vex,revealed,cre02__hlp08,2.4564347995692515e-06,0.025776312
deconfound,C1fiction/Vex,revealed,cre03__ana02,9.147693607047813e-07,0.084935404
deconfound,C1fiction/Vex,revealed,cre05__ana06,1.2513984959383606e-07,0.0033613322
deconfound,C1fiction/Vex,revealed,cre06__hlp05,0.0012446404498405172,0.29607785
deconfound,C1fiction/Vex,revealed,cre06__hlp07,0.4853665828704834,0.4678799
deconfound,C1fiction/Vex,revealed,cre07__int05,1.6120932144758626e-08,0.009463915
deconfound,C1fiction/Vex,revealed,cre08__ana03,2.4280070256565978e-06,0.007236393
deconfound,C1fiction/Vex,revealed,emo02__cre04,1.4466324067541336e-06,0.052856687
deconfound,C1fiction/Vex,revealed,emo02__hlp07,4.4381143915472876e-07,0.03903393
deconfound,C1fiction/Vex,revealed,emo03__ana08,1.9136893047999592e-07,0.005211299
deconfound,C1fiction/Vex,revealed,emo05__slf02,1.1590671764594163e-06,0.059598453
deconfound,C1fiction/Vex,revealed,emo06__cre08,4.2082957985023484e-07,0.1196486
deconfound,C1fiction/Vex,revealed,gry01__emo06,0.99999999951319,0.9924309
deconfound,C1fiction/Vex,revealed,gry01__hlp04,0.9999999400162272,0.9934081
deconfound,C1fiction/Vex,revealed,gry02__emo01,0.9999998761719855,0.992197
deconfound,C1fiction/Vex,revealed,gry02__hlp05,0.9999988333837351,0.79224324
deconfound,C1fiction/Vex,revealed,gry03__emo04,0.99999999406944,0.985922
deconfound,C1fiction/Vex,revealed,gry03__hlp06,0.9999999964029336,0.9945054
deconfound,C1fiction/Vex,revealed,gry04__hlp07,0.4987744390964508,0.47859433
deconfound,C1fiction/Vex,revealed,gry04__pls02,0.6887652738973884,0.65753114
deconfound,C1fiction/Vex,revealed,gry05__hlp08,0.9999997284165119,0.98759794
deconfound,C1fiction/Vex,revealed,gry05__pls01,0.9999999437324227,0.97658765
deconfound,C1fiction/Vex,revealed,gry06__hlp01,0.9910068648776793,0.8518487
deconfound,C1fiction/Vex,revealed,gry06__pls06,0.9999998152555056,0.95522
deconfound,C1fiction/Vex,revealed,hlp01__rep06,0.9999998004863766,0.992542
deconfound,C1fiction/Vex,revealed,hlp03__emo01,0.9999915625801776,0.95650554
deconfound,C1fiction/Vex,revealed,hlp03__rep05,0.5002761929349617,0.66748285
deconfound,C1fiction/Vex,revealed,hlp04__ana07,0.0054937858831181074,0.22851706
deconfound,C1fiction/Vex,revealed,hlp06__rep07,0.4979651833599803,0.37775543
deconfound,C1fiction/Vex,revealed,hlp08__emo05,0.9999997649184884,0.9827887
deconfound,C1fiction/Vex,revealed,int01__hlp01,0.9999995828583224,0.98077744
deconfound,C1fiction/Vex,revealed,int01__slf01,0.0020350954054784154,0.092725866
deconfound,C1fiction/Vex,revealed,int02__ana05,0.0007506940612103108,0.11027281
deconfound,C1fiction/Vex,revealed,int03__ana05,0.4966586395144077,0.40792727
deconfound,C1fiction/Vex,revealed,int04__cre04,0.9999960222722102,0.9826206
deconfound,C1fiction/Vex,revealed,int04__emo03,0.9999999306175145,0.9935348
deconfound,C1fiction/Vex,revealed,int05__ana06,0.003346485622955697,0.12930214
deconfound,C1fiction/Vex,revealed,int06__cre05,0.9999995781487616,0.9937245
deconfound,C1fiction/Vex,revealed,rep01__hlp04,0.5000012982048787,0.4906048
deconfound,C1fiction/Vex,revealed,rep03__ana07,0.5000000434420002,0.48717412
deconfound,C1fiction/Vex,revealed,rep03__emo04,0.9999960535384487,0.9636414
deconfound,C1fiction/Vex,revealed,rep05__emo04,0.9999985569335292,0.95866567
deconfound,C1fiction/Vex,revealed,rep06__emo01,0.9999772808524998,0.9438778
deconfound,C1fiction/Vex,revealed,rep07__cre07,0.9999999138164295,0.9747477
deconfound,C1fiction/Vex,revealed,rep08__ana04,0.13447085013842752,0.15596768
deconfound,C1fiction/Vex,revealed,rep08__cre03,0.9853438699037576,0.76642597
deconfound,C1fiction/Vex,revealed,sig_feelings__sig_specs,1.32328681345939e-09,0.017626815
deconfound,C1fiction/Vex,revealed,sig_long__sig_short,0.49996652151821763,0.4196117
deconfound,C1fiction/Vex,revealed,sig_roast__sig_bedtime,0.9999999997700473,0.9924979
deconfound,C1fiction/Vex,revealed,slf01__hlp02,0.999999884127778,0.98861945
deconfound,C1fiction/Vex,revealed,slf02__rep04,0.008993139701077624,0.088631526
deconfound,C1fiction/Vex,revealed,slf03__ana03,1.0847954513337754e-05,0.038723454
deconfound,C1fiction/Vex,revealed,slf04__rep02,0.37083112075924873,0.62080324
deconfound,C1fiction/Vex,stated_self,ana01__int03,0.47629016637802124,0.38812914
deconfound,C1fiction/Vex,stated_self,ana01__slf04,0.9998875576711725,0.8306139
deconfound,C1fiction/Vex,stated_self,ana02__hlp02,0.9910063585266471,0.82542413
deconfound,C1fiction/Vex,stated_self,ana04__hlp05,0.5002152025699615,0.56613445
deconfound,C1fiction/Vex,stated_self,ana08__rep04,0.49999815225601196,0.49546617
deconfound,C1fiction/Vex,stated_self,avn01__hlp02,0.5000227093696594,0.5788967
deconfound,C1fiction/Vex,stated_self,avn01__pls05,0.9999999437324227,0.9979034
deconfound,C1fiction/Vex,stated_self,avn02__hlp01,0.9999996843976078,0.9931923
deconfound,C1fiction/Vex,stated_self,avn02__pls03,0.9999999277509914,0.99744284
deconfound,C1fiction/Vex,stated_self,avn03__hlp05,0.5000041127204895,0.5216992
deconfound,C1fiction/Vex,stated_self,avn03__pls02,0.9620707333087921,0.8638662
deconfound,C1fiction/Vex,stated_self,avn04__hlp06,0.9999992549167018,0.984501
deconfound,C1fiction/Vex,stated_self,avn04__pls01,0.9999999072304462,0.9918871
deconfound,C1fiction/Vex,stated_self,avn05__hlp04,0.49999743700027466,0.4996997
deconfound,C1fiction/Vex,stated_self,avn05__pls06,0.9999974966957552,0.9515551
deconfound,C1fiction/Vex,stated_self,avn06__hlp03,0.5000616908073425,0.66333324
deconfound,C1fiction/Vex,stated_self,avn06__pls04,0.9999995842360079,0.9773129
deconfound,C1fiction/Vex,stated_self,avn07__hlp08,0.5002149641513824,0.6176022
deconfound,C1fiction/Vex,stated_self,avn07__pls05,0.9999999902221592,0.9972521
deconfound,C1fiction/Vex,stated_self,avn08__hlp07,0.9999822026657057,0.95713687
deconfound,C1fiction/Vex,stated_self,avn08__pls03,0.9999999072304462,0.9969709
deconfound,C1fiction/Vex,stated_self,cre01__int06,1.3767845302936621e-05,0.010945537
deconfound,C1fiction/Vex,stated_self,cre01__rep02,0.11135030537843704,0.051559515
deconfound,C1fiction/Vex,stated_self,cre02__hlp08,0.4999414086341858,0.47066486
deconfound,C1fiction/Vex,stated_self,cre03__ana02,1.8454178416504874e-06,0.045761973
deconfound,C1fiction/Vex,stated_self,cre05__ana06,1.9875977841365966e-06,0.008510977
deconfound,C1fiction/Vex,stated_self,cre06__hlp05,0.5,0.50190675
deconfound,C1fiction/Vex,stated_self,cre06__hlp07,0.5007214546203613,0.5469314
deconfound,C1fiction/Vex,stated_self,cre07__int05,4.5097432632701384e-07,0.006929377
deconfound,C1fiction/Vex,stated_self,cre08__ana03,0.003346485085785389,0.07797257
deconfound,C1fiction/Vex,stated_self,emo02__cre04,7.126653258637816e-07,0.008899633
deconfound,C1fiction/Vex,stated_self,emo02__hlp07,2.707983185246121e-06,0.02539364
deconfound,C1fiction/Vex,stated_self,emo03__ana08,1.5237419859204238e-07,0.0026809499
deconfound,C1fiction/Vex,stated_self,emo05__slf02,2.5599774744478054e-07,0.01086249
deconfound,C1fiction/Vex,stated_self,emo06__cre08,1.8818720022295565e-06,0.006458921
deconfound,C1fiction/Vex,stated_self,gry01__emo06,0.9999999971986018,0.99788123
deconfound,C1fiction/Vex,stated_self,gry01__hlp04,0.9999999138164295,0.9976191
deconfound,C1fiction/Vex,stated_self,gry02__emo01,0.9999999658719858,0.9949858
deconfound,C1fiction/Vex,stated_self,gry02__hlp05,0.9999995842360079,0.9404479
deconfound,C1fiction/Vex,stated_self,gry03__emo04,0.999999995381275,0.99522036
deconfound,C1fiction/Vex,stated_self,gry03__hlp06,0.9999998470488975,0.9918765
deconfound,C1fiction/Vex,stated_self,gry04__hlp07,0.5009598731994629,0.51069343
deconfound,C1fiction/Vex,stated_self,gry04__pls02,0.5595996379852295,0.7477459
deconfound,C1fiction/Vex,stated_self,gry05__hlp08,0.5015861690044403,0.8350904
deconfound,C1fiction/Vex,stated_self,gry05__pls01,0.9999999196956662,0.9941558
deconfound,C1fiction/Vex,stated_self,gry06__hlp01,0.36553236842155457,0.4634033
deconfound,C1fiction/Vex,stated_self,gry06__pls06,0.9999992277300294,0.98842657
deconfound,C1fiction/Vex,stated_self,hlp01__rep06,0.5000004172325134,0.4957223
deconfound,C1fiction/Vex,stated_self,hlp03__emo01,0.9999984892393741,0.9929328
deconfound,C1fiction/Vex,stated_self,hlp03__rep05,0.1344716101884842,0.09464304
deconfound,C1fiction/Vex,stated_self,hlp04__ana07,0.40878865122795105,0.21234031
deconfound,C1fiction/Vex,stated_self,hlp06__rep07,0.002045797649770975,0.06377959
deconfound,C1fiction/Vex,stated_self,hlp08__emo05,0.9999993145213466,0.9819825
deconfound,C1fiction/Vex,stated_self,int01__hlp01,0.5000789165496826,0.59705377
deconfound,C1fiction/Vex,stated_self,int01__slf01,0.8655209392309189,0.61631083
deconfound,C1fiction/Vex,stated_self,int02__ana05,0.49998462200164795,0.46228707
deconfound,C1fiction/Vex,stated_self,int03__ana05,0.5000761151313782,0.53517884
deconfound,C1fiction/Vex,stated_self,int04__cre04,0.4999384880065918,0.49038675
deconfound,C1fiction/Vex,stated_self,int04__emo03,0.9999996682349632,0.99460113
deconfound,C1fiction/Vex,stated_self,int05__ana06,0.749997615814209,0.7813052
deconfound,C1fiction/Vex,stated_self,int06__cre05,0.5000012516975403,0.5050815
deconfound,C1fiction/Vex,stated_self,rep01__hlp04,0.53004190325737,0.74017555
deconfound,C1fiction/Vex,stated_self,rep03__ana07,0.49997395277023315,0.48475266
deconfound,C1fiction/Vex,stated_self,rep03__emo04,0.9999999734210743,0.9973272
deconfound,C1fiction/Vex,stated_self,rep05__emo04,0.9999999561787654,0.99770635
deconfound,C1fiction/Vex,stated_self,rep06__emo01,0.9999999902221592,0.99691576
deconfound,C1fiction/Vex,stated_self,rep07__cre07,0.9999998476258014,0.9965458
deconfound,C1fiction/Vex,stated_self,rep08__ana04,0.4999920725822449,0.49598175
deconfound,C1fiction/Vex,stated_self,rep08__cre03,0.8655261844396591,0.65396726
deconfound,C1fiction/Vex,stated_self,sig_feelings__sig_specs,7.614989527837679e-09,0.008437283
deconfound,C1fiction/Vex,stated_self,sig_long__sig_short,0.9999969279128891,0.96817577
deconfound,C1fiction/Vex,stated_self,sig_roast__sig_bedtime,0.9999999437324227,0.9978249
deconfound,C1fiction/Vex,stated_self,slf01__hlp02,0.9999375874540419,0.9511434
deconfound,C1fiction/Vex,stated_self,slf02__rep04,0.4992508292198181,0.45671067
deconfound,C1fiction/Vex,stated_self,slf03__ana03,0.0003686038835439831,0.1965058
deconfound,C1fiction/Vex,stated_self,slf04__rep02,6.563119677593932e-05,0.21578905
deconfound,C2overheard/Lazlo,revealed,ana01__int03,0.9999994072906198,0.82368016
deconfound,C2overheard/Lazlo,revealed,ana01__slf04,0.9998685107711935,0.95051765
deconfound,C2overheard/Lazlo,revealed,ana02__hlp02,0.6887699067592621,0.5399149
deconfound,C2overheard/Lazlo,revealed,ana04__hlp05,0.9999945177719383,0.6409044
deconfound,C2overheard/Lazlo,revealed,ana08__rep04,0.0004573620150267743,0.15420821
deconfound,C2overheard/Lazlo,revealed,avn01__hlp02,1.255499615382405e-08,0.102147184
deconfound,C2overheard/Lazlo,revealed,avn01__pls05,4.618724958049825e-09,0.11878834
deconfound,C2overheard/Lazlo,revealed,avn02__hlp01,0.008993224240839481,0.40888375
deconfound,C2overheard/Lazlo,revealed,avn02__pls03,3.1560239222017117e-07,0.093286775
deconfound,C2overheard/Lazlo,revealed,avn03__hlp05,0.0020353072322905064,0.20138653
deconfound,C2overheard/Lazlo,revealed,avn03__pls02,3.7550835372712754e-05,0.010253169
deconfound,C2overheard/Lazlo,revealed,avn04__hlp06,5.6302072870551e-07,0.16106291
deconfound,C2overheard/Lazlo,revealed,avn04__pls01,0.9910061797127128,0.66975904
deconfound,C2overheard/Lazlo,revealed,avn05__hlp04,0.4997275173664093,0.50306326
deconfound,C2overheard/Lazlo,revealed,avn05__pls06,0.9999468823953066,0.8799867
deconfound,C2overheard/Lazlo,revealed,avn06__hlp03,5.363509671951761e-07,0.041791517
deconfound,C2overheard/Lazlo,revealed,avn06__pls04,2.5332226414320758e-06,0.004338905
deconfound,C2overheard/Lazlo,revealed,avn07__hlp08,0.9998833623139944,0.6584951
deconfound,C2overheard/Lazlo,revealed,avn07__pls05,0.9087821692228317,0.5561829
deconfound,C2overheard/Lazlo,revealed,avn08__hlp07,0.500072568655014,0.5028461
deconfound,C2overheard/Lazlo,revealed,avn08__pls03,0.9853331558406353,0.6175158
deconfound,C2overheard/Lazlo,revealed,cre01__int06,0.9999975996932768,0.7613752
deconfound,C2overheard/Lazlo,revealed,cre01__rep02,0.5146269798278809,0.51391876
deconfound,C2overheard/Lazlo,revealed,cre02__hlp08,0.9999962150798183,0.5980408
deconfound,C2overheard/Lazlo,revealed,cre03__ana02,0.4966566860675812,0.44806576
deconfound,C2overheard/Lazlo,revealed,cre05__ana06,0.5,0.39504153
deconfound,C2overheard/Lazlo,revealed,cre06__hlp05,0.9999975230446552,0.80668867
deconfound,C2overheard/Lazlo,revealed,cre06__hlp07,0.5237125158309937,0.5433888
deconfound,C2overheard/Lazlo,revealed,cre07__int05,0.5142161510884762,0.6202648
deconfound,C2overheard/Lazlo,revealed,cre08__ana03,0.9999998646697783,0.8405733
deconfound,C2overheard/Lazlo,revealed,emo02__cre04,0.08551225997507572,0.22287703
deconfound,C2overheard/Lazlo,revealed,emo02__hlp07,0.4987676441669464,0.49330664
deconfound,C2overheard/Lazlo,revealed,emo03__ana08,8.066572888765222e-05,0.05832877
deconfound,C2overheard/Lazlo,revealed,emo05__slf02,0.4999887943267822,0.47806227
deconfound,C2overheard/Lazlo,revealed,emo06__cre08,2.299695734109264e-05,0.33589277
deconfound,C2overheard/Lazlo,revealed,gry01__emo06,7.545865264546592e-05,0.28814197
deconfound,C2overheard/Lazlo,revealed,gry01__hlp04,1.9145829810440773e-07,0.02069055
deconfound,C2overheard/Lazlo,revealed,gry02__emo01,1.1969609958750738e-07,0.0028467702
deconfound,C2overheard/Lazlo,revealed,gry02__hlp05,1.805130682708267e-07,0.005327468
deconfound,C2overheard/Lazlo,revealed,gry03__emo04,0.46207401156425476,0.34845936
deconfound,C2overheard/Lazlo,revealed,gry03__hlp06,0.18877343833446503,0.30062243
deconfound,C2overheard/Lazlo,revealed,gry04__hlp07,0.4999780058860779,0.46427187
deconfound,C2overheard/Lazlo,revealed,gry04__pls02,0.0003353429347043857,0.42877245
deconfound,C2overheard/Lazlo,revealed,gry05__hlp08,0.0007508891867473722,0.43634218
deconfound,C2overheard/Lazlo,revealed,gry05__pls01,0.5000130534172058,0.48637095
deconfound,C2overheard/Lazlo,revealed,gry06__hlp01,0.9999998086310695,0.64229774
deconfound,C2overheard/Lazlo,revealed,gry06__pls06,0.9999797277623657,0.844448
deconfound,C2overheard/Lazlo,revealed,hlp01__rep06,0.9999999998209126,0.9802163
deconfound,C2overheard/Lazlo,revealed,hlp03__emo01,0.5001011796413763,0.55949223
deconfound,C2overheard/Lazlo,revealed,hlp03__rep05,0.9999949238273533,0.8877177
deconfound,C2overheard/Lazlo,revealed,hlp04__ana07,0.46207234263420105,0.45806855
deconfound,C2overheard/Lazlo,revealed,hlp06__rep07,0.9999371790305531,0.66048485
deconfound,C2overheard/Lazlo,revealed,hlp08__emo05,0.6344676440317016,0.82122767
deconfound,C2overheard/Lazlo,revealed,int01__hlp01,0.49999767541885376,0.49659804
deconfound,C2overheard/Lazlo,revealed,int01__slf01,4.905922708076105e-07,0.007111649
deconfound,C2overheard/Lazlo,revealed,int02__ana05,0.00899344279878278,0.05691865
deconfound,C2overheard/Lazlo,revealed,int03__ana05,0.0002768323041379972,0.02867074
deconfound,C2overheard/Lazlo,revealed,int04__cre04,0.00016802687605377287,0.15576252
deconfound,C2overheard/Lazlo,revealed,int04__emo03,0.6887694587213673,0.8041296
deconfound,C2overheard/Lazlo,revealed,int05__ana06,0.5008841753005981,0.5359372
deconfound,C2overheard/Lazlo,revealed,int06__cre05,2.2725490591568587e-05,0.1160626
deconfound,C2overheard/Lazlo,revealed,rep01__hlp04,0.01540671766269952,0.48363236
deconfound,C2overheard/Lazlo,revealed,rep03__ana07,0.4995495676994324,0.44428748
deconfound,C2overheard/Lazlo,revealed,rep03__emo04,0.3112434446811676,0.40835562
deconfound,C2overheard/Lazlo,revealed,rep05__emo04,2.388804515973675e-06,0.21108691
deconfound,C2overheard/Lazlo,revealed,rep06__emo01,0.4999999131610062,0.4248409
deconfound,C2overheard/Lazlo,revealed,rep07__cre07,0.49954447721408535,0.2639327
deconfound,C2overheard/Lazlo,revealed,rep08__ana04,0.9910061797127128,0.5717861
deconfound,C2overheard/Lazlo,revealed,rep08__cre03,0.49796512722969055,0.44021297
deconfound,C2overheard/Lazlo,revealed,sig_feelings__sig_specs,1.9639310266938992e-07,0.21780661
deconfound,C2overheard/Lazlo,revealed,sig_long__sig_short,1.887567185887562e-11,0.011972345
deconfound,C2overheard/Lazlo,revealed,sig_roast__sig_bedtime,0.005493581204177644,0.038059898
deconfound,C2overheard/Lazlo,revealed,slf01__hlp02,0.5000614523887634,0.5456937
deconfound,C2overheard/Lazlo,revealed,slf02__rep04,5.780251285614213e-06,0.06346305
deconfound,C2overheard/Lazlo,revealed,slf03__ana03,0.9999934765147938,0.8923054
deconfound,C2overheard/Lazlo,revealed,slf04__rep02,0.007031993009150028,0.21794687
deconfound,C2overheard/Lazlo,stated_self,ana01__int03,0.5000373721122742,0.5155004
deconfound,C2overheard/Lazlo,stated_self,ana01__slf04,0.999997975768224,0.9909546
deconfound,C2overheard/Lazlo,stated_self,ana02__hlp02,0.281088262796402,0.4654627
deconfound,C2overheard/Lazlo,stated_self,ana04__hlp05,0.4999982714653015,0.49558297
deconfound,C2overheard/Lazlo,stated_self,ana08__rep04,0.44039851427078247,0.48327735
deconfound,C2overheard/Lazlo,stated_self,avn01__hlp02,0.49999165534973145,0.48765084
deconfound,C2overheard/Lazlo,stated_self,avn01__pls05,0.49999165534973145,0.48939025
deconfound,C2overheard/Lazlo,stated_self,avn02__hlp01,0.5000030398368835,0.5051676
deconfound,C2overheard/Lazlo,stated_self,avn02__pls03,0.5000002980232239,0.49885
deconfound,C2overheard/Lazlo,stated_self,avn03__hlp05,5.338513915376097e-07,0.05566379
deconfound,C2overheard/Lazlo,stated_self,avn03__pls02,6.854786533949664e-07,0.00735189
deconfound,C2overheard/Lazlo,stated_self,avn04__hlp06,0.5000616312026978,0.53062284
deconfound,C2overheard/Lazlo,stated_self,avn04__pls01,0.9999960553686833,0.7842865
deconfound,C2overheard/Lazlo,stated_self,avn05__hlp04,0.9999997616722567,0.99370337
deconfound,C2overheard/Lazlo,stated_self,avn05__pls06,0.9853420369327068,0.61230314
deconfound,C2overheard/Lazlo,stated_self,avn06__hlp03,3.1912964004732203e-06,0.05513583
deconfound,C2overheard/Lazlo,stated_self,avn06__pls04,3.072087110922439e-06,0.22502682
deconfound,C2overheard/Lazlo,stated_self,avn07__hlp08,0.5000004172325134,0.5002692
deconfound,C2overheard/Lazlo,stated_self,avn07__pls05,0.49999988079071045,0.49971846
deconfound,C2overheard/Lazlo,stated_self,avn08__hlp07,0.4999961853027344,0.4976432
deconfound,C2overheard/Lazlo,stated_self,avn08__pls03,0.5000106692314148,0.50104517
deconfound,C2overheard/Lazlo,stated_self,cre01__int06,0.9999999437324227,0.9958633
deconfound,C2overheard/Lazlo,stated_self,cre01__rep02,0.5002762973308563,0.50538903
deconfound,C2overheard/Lazlo,stated_self,cre02__hlp08,0.5596014261245728,0.54787207
deconfound,C2overheard/Lazlo,stated_self,cre03__ana02,0.9998323249310488,0.5126113
deconfound,C2overheard/Lazlo,stated_self,cre05__ana06,0.9999999734210743,0.97391254
deconfound,C2overheard/Lazlo,stated_self,cre06__hlp05,0.5000083446502686,0.51452136
deconfound,C2overheard/Lazlo,stated_self,cre06__hlp07,0.02371305599808693,0.21165517
deconfound,C2overheard/Lazlo,stated_self,cre07__int05,0.5000017285346985,0.5015174
deconfound,C2overheard/Lazlo,stated_self,cre08__ana03,0.9999999971986018,0.99696165
deconfound,C2overheard/Lazlo,stated_self,emo02__cre04,9.397762141816202e-07,0.012448982
deconfound,C2overheard/Lazlo,stated_self,emo02__hlp07,1.1911845376744168e-07,0.0016265487
deconfound,C2overheard/Lazlo,stated_self,emo03__ana08,8.529524166078772e-06,0.036626652
deconfound,C2overheard/Lazlo,stated_self,emo05__slf02,9.835018772719195e-07,0.0033721894
deconfound,C2overheard/Lazlo,stated_self,emo06__cre08,5.233700584028611e-09,0.0034331644
deconfound,C2overheard/Lazlo,stated_self,gry01__emo06,0.5054925680160522,0.6905704
deconfound,C2overheard/Lazlo,stated_self,gry01__hlp04,0.4999971389770508,0.49914792
deconfound,C2overheard/Lazlo,stated_self,gry02__emo01,0.0007510170556486173,0.17314282
deconfound,C2overheard/Lazlo,stated_self,gry02__hlp05,0.49999910593032837,0.48823467
deconfound,C2overheard/Lazlo,stated_self,gry03__emo04,0.5000050067901611,0.50405633
deconfound,C2overheard/Lazlo,stated_self,gry03__hlp06,0.9999987506286061,0.9579285
deconfound,C2overheard/Lazlo,stated_self,gry04__hlp07,0.5,0.5015216
deconfound,C2overheard/Lazlo,stated_self,gry04__pls02,0.49998271465301514,0.48888
deconfound,C2overheard/Lazlo,stated_self,gry05__hlp08,0.5000477433204651,0.503613
deconfound,C2overheard/Lazlo,stated_self,gry05__pls01,0.9999996762026058,0.9863206
deconfound,C2overheard/Lazlo,stated_self,gry06__hlp01,0.9999624576776114,0.6691035
deconfound,C2overheard/Lazlo,stated_self,gry06__pls06,0.5000030398368835,0.5017508
deconfound,C2overheard/Lazlo,stated_self,hlp01__rep06,0.9999999327803657,0.99824667
deconfound,C2overheard/Lazlo,stated_self,hlp03__emo01,0.999998250820795,0.9964287
deconfound,C2overheard/Lazlo,stated_self,hlp03__rep05,0.7499999403953552,0.5272125
deconfound,C2overheard/Lazlo,stated_self,hlp04__ana07,1.4007343906996539e-06,0.0074775885
deconfound,C2overheard/Lazlo,stated_self,hlp06__rep07,0.36756432056427,0.3011144
deconfound,C2overheard/Lazlo,stated_self,hlp08__emo05,0.9999998036068973,0.99634314
deconfound,C2overheard/Lazlo,stated_self,int01__hlp01,0.49999356269836426,0.49338105
deconfound,C2overheard/Lazlo,stated_self,int01__slf01,0.9999892628025009,0.9631178
deconfound,C2overheard/Lazlo,stated_self,int02__ana05,0.00011244232882745564,0.15346366
deconfound,C2overheard/Lazlo,stated_self,int03__ana05,1.1414314712965279e-05,0.027086463
deconfound,C2overheard/Lazlo,stated_self,int04__cre04,0.002035247627645731,0.44540995
deconfound,C2overheard/Lazlo,stated_self,int04__emo03,0.5912127196788788,0.50543594
deconfound,C2overheard/Lazlo,stated_self,int05__ana06,3.760192703339271e-05,0.024163174
deconfound,C2overheard/Lazlo,stated_self,int06__cre05,1.6120932144758626e-08,0.0028182834
deconfound,C2overheard/Lazlo,stated_self,rep01__hlp04,0.9758315645158291,0.62461126
deconfound,C2overheard/Lazlo,stated_self,rep03__ana07,0.500053346157074,0.5392808
deconfound,C2overheard/Lazlo,stated_self,rep03__emo04,0.5000006556510925,0.50043786
deconfound,C2overheard/Lazlo,stated_self,rep05__emo04,0.49999505281448364,0.4920798
deconfound,C2overheard/Lazlo,stated_self,rep06__emo01,0.9995441763894632,0.63557696
deconfound,C2overheard/Lazlo,stated_self,rep07__cre07,6.1715286392427515e-06,0.28968447
deconfound,C2overheard/Lazlo,stated_self,rep08__ana04,0.5000175833702087,0.5052511
deconfound,C2overheard/Lazlo,stated_self,rep08__cre03,0.4999997615814209,0.49939212
deconfound,C2overheard/Lazlo,stated_self,sig_feelings__sig_specs,7.614989527837679e-09,0.013111381
deconfound,C2overheard/Lazlo,stated_self,sig_long__sig_short,3.5264399039780514e-11,0.00269496
deconfound,C2overheard/Lazlo,stated_self,sig_roast__sig_bedtime,0.5004536509513855,0.51486456
deconfound,C2overheard/Lazlo,stated_self,slf01__hlp02,1.9875977841365966e-06,0.04778755
deconfound,C2overheard/Lazlo,stated_self,slf02__rep04,1.5295110245006072e-07,0.003467518
deconfound,C2overheard/Lazlo,stated_self,slf03__ana03,0.9999997440022526,0.9923301
deconfound,C2overheard/Lazlo,stated_self,slf04__rep02,1.1310197294278623e-06,0.0040324414
deconfound,C2overheard/Mira,revealed,ana01__int03,0.49845108181398246,0.5327501
deconfound,C2overheard/Mira,revealed,ana01__slf04,0.03792998194694519,0.11608477
deconfound,C2overheard/Mira,revealed,ana02__hlp02,0.31127771735191345,0.17270406
deconfound,C2overheard/Mira,revealed,ana04__hlp05,0.0007506940612103108,0.19745487
deconfound,C2overheard/Mira,revealed,ana08__rep04,0.523712056617228,0.70032585
deconfound,C2overheard/Mira,revealed,avn01__hlp02,6.938248553467474e-08,0.00065334415
deconfound,C2overheard/Mira,revealed,avn01__pls05,6.588257023265598e-11,0.002325036
deconfound,C2overheard/Mira,revealed,avn02__hlp01,1.7543088688398711e-06,0.037802417
deconfound,C2overheard/Mira,revealed,avn02__pls03,6.250764350568261e-10,0.0036979169
deconfound,C2overheard/Mira,revealed,avn03__hlp05,0.749962568283081,0.84701663
deconfound,C2overheard/Mira,revealed,avn03__pls02,3.1119965244741365e-06,0.0063763317
deconfound,C2overheard/Mira,revealed,avn04__hlp06,1.2382801450883107e-07,0.0010902252
deconfound,C2overheard/Mira,revealed,avn04__pls01,2.801398224505647e-09,0.0022263979
deconfound,C2overheard/Mira,revealed,avn05__hlp04,0.9999980800070034,0.9970293
deconfound,C2overheard/Mira,revealed,avn05__pls06,0.059609804302453995,0.38479334
deconfound,C2overheard/Mira,revealed,avn06__hlp03,6.649857382967639e-06,0.0052471412
deconfound,C2overheard/Mira,revealed,avn06__pls04,2.5911826817548445e-07,0.0009117329
deconfound,C2overheard/Mira,revealed,avn07__hlp08,0.9999975230446552,0.9968712
deconfound,C2overheard/Mira,revealed,avn07__pls05,5.945779264493467e-07,0.01799666
deconfound,C2overheard/Mira,revealed,avn08__hlp07,0.9999817635691102,0.9889355
deconfound,C2overheard/Mira,revealed,avn08__pls03,7.939986971905455e-05,0.10124088
deconfound,C2overheard/Mira,revealed,cre01__int06,0.49999890396590985,0.49794507
deconfound,C2overheard/Mira,revealed,cre01__rep02,0.5000003209938768,0.5013263
deconfound,C2overheard/Mira,revealed,cre02__hlp08,0.5020350249924768,0.5845526
deconfound,C2overheard/Mira,revealed,cre03__ana02,0.9997231934394222,0.98931247
deconfound,C2overheard/Mira,revealed,cre05__ana06,0.49983239718005734,0.48605716
deconfound,C2overheard/Mira,revealed,cre06__hlp05,0.4945292280008289,0.5163558
deconfound,C2overheard/Mira,revealed,cre06__hlp07,0.9957105517135005,0.91869396
deconfound,C2overheard/Mira,revealed,cre07__int05,0.9999992284766854,0.9966928
deconfound,C2overheard/Mira,revealed,cre08__ana03,0.7499994661486085,0.5145322
deconfound,C2overheard/Mira,revealed,emo02__cre04,0.9999987483932955,0.9955729
deconfound,C2overheard/Mira,revealed,emo02__hlp07,0.9999999658719858,0.9975318
deconfound,C2overheard/Mira,revealed,emo03__ana08,0.9999998682357143,0.99901164
deconfound,C2overheard/Mira,revealed,emo05__slf02,0.5237120389938354,0.6214366
deconfound,C2overheard/Mira,revealed,emo06__cre08,0.9999997880211566,0.99623656
deconfound,C2overheard/Mira,revealed,gry01__emo06,4.868100367261263e-10,0.0011303278
deconfound,C2overheard/Mira,revealed,gry01__hlp04,7.572557692014925e-08,0.001387949
deconfound,C2overheard/Mira,revealed,gry02__emo01,1.98948106253094e-12,0.0037514796
deconfound,C2overheard/Mira,revealed,gry02__hlp05,5.968923966898076e-08,0.003775662
deconfound,C2overheard/Mira,revealed,gry03__emo04,1.32328681345939e-09,0.0034432546
deconfound,C2overheard/Mira,revealed,gry03__hlp06,1.4867790518735546e-06,0.0065695844
deconfound,C2overheard/Mira,revealed,gry04__hlp07,0.9999902041937503,0.9902586
deconfound,C2overheard/Mira,revealed,gry04__pls02,6.188720044519869e-05,0.018270273
deconfound,C2overheard/Mira,revealed,gry05__hlp08,2.560673578955175e-06,0.002987083
deconfound,C2overheard/Mira,revealed,gry05__pls01,1.0305767350615724e-09,0.0010054761
deconfound,C2overheard/Mira,revealed,gry06__hlp01,0.9999205332534018,0.9721042
deconfound,C2overheard/Mira,revealed,gry06__pls06,1.2382801450883107e-07,0.0011596633
deconfound,C2overheard/Mira,revealed,hlp01__rep06,0.9999987952627407,0.99407387
deconfound,C2overheard/Mira,revealed,hlp03__emo01,1.3947341892528442e-10,0.002171405
deconfound,C2overheard/Mira,revealed,hlp03__rep05,0.99999349547873,0.99132305
deconfound,C2overheard/Mira,revealed,hlp04__ana07,0.9945062141168819,0.723511
deconfound,C2overheard/Mira,revealed,hlp06__rep07,0.9990365835475696,0.9043281
deconfound,C2overheard/Mira,revealed,hlp08__emo05,4.33353445572493e-07,0.0024471297
deconfound,C2overheard/Mira,revealed,int01__hlp01,0.9999988689802706,0.9975611
deconfound,C2overheard/Mira,revealed,int01__slf01,1.399089786247032e-07,0.0013803188
deconfound,C2overheard/Mira,revealed,int02__ana05,0.4992496052295792,0.4252438
deconfound,C2overheard/Mira,revealed,int03__ana05,0.49924952795493027,0.31353366
deconfound,C2overheard/Mira,revealed,int04__cre04,0.9992489829443514,0.7175082
deconfound,C2overheard/Mira,revealed,int04__emo03,2.715834881428236e-07,0.000921973
deconfound,C2overheard/Mira,revealed,int05__ana06,0.9999862047481312,0.9733858
deconfound,C2overheard/Mira,revealed,int06__cre05,0.5000005663601996,0.49860412
deconfound,C2overheard/Mira,revealed,rep01__hlp04,0.037929180646827376,0.21211277
deconfound,C2overheard/Mira,revealed,rep03__ana07,0.499998460477741,0.49557024
deconfound,C2overheard/Mira,revealed,rep03__emo04,4.868100367261263e-10,0.0023932555
deconfound,C2overheard/Mira,revealed,rep05__emo04,1.790873976892371e-10,0.0021381779
deconfound,C2overheard/Mira,revealed,rep06__emo01,3.2800999329868352e-12,0.0032745262
deconfound,C2overheard/Mira,revealed,rep07__cre07,1.794390107612287e-07,0.0015224167
deconfound,C2overheard/Mira,revealed,rep08__ana04,0.44243360916152596,0.26316354
deconfound,C2overheard/Mira,revealed,rep08__cre03,1.6991339446548182e-09,0.0011493261
deconfound,C2overheard/Mira,revealed,sig_feelings__sig_specs,0.9999999999688793,0.9917973
deconfound,C2overheard/Mira,revealed,sig_long__sig_short,6.553520481844544e-08,0.00070606207
deconfound,C2overheard/Mira,revealed,sig_roast__sig_bedtime,1.0305767350615724e-09,0.0018622298
deconfound,C2overheard/Mira,revealed,slf01__hlp02,0.999999569012374,0.996207
deconfound,C2overheard/Mira,revealed,slf02__rep04,0.999988390992371,0.99436533
deconfound,C2overheard/Mira,revealed,slf03__ana03,0.9998727405472891,0.90103793
deconfound,C2overheard/Mira,revealed,slf04__rep02,0.999999286212784,0.9951378
deconfound,C2overheard/Mira,stated_self,ana01__int03,0.0002787735138554126,0.087571494
deconfound,C2overheard/Mira,stated_self,ana01__slf04,0.0006139018223620951,0.13296859
deconfound,C2overheard/Mira,stated_self,ana02__hlp02,0.018725134432315826,0.401895
deconfound,C2overheard/Mira,stated_self,ana04__hlp05,4.130299657845171e-06,0.005865135
deconfound,C2overheard/Mira,stated_self,ana08__rep04,0.5000067949295044,0.5012288
deconfound,C2overheard/Mira,stated_self,avn01__hlp02,1.533373037432284e-07,0.002475781
deconfound,C2overheard/Mira,stated_self,avn01__pls05,4.868100367261263e-10,0.0050853323
deconfound,C2overheard/Mira,stated_self,avn02__hlp01,1.0589855037324014e-06,0.0052594184
deconfound,C2overheard/Mira,stated_self,avn02__pls03,5.516280210393631e-10,0.0074437964
deconfound,C2overheard/Mira,stated_self,avn03__hlp05,0.05960259214043617,0.42769876
deconfound,C2overheard/Mira,stated_self,avn03__pls02,1.451155981158081e-06,0.0049336352
deconfound,C2overheard/Mira,stated_self,avn04__hlp06,9.993808589570108e-07,0.0058980524
deconfound,C2overheard/Mira,stated_self,avn04__pls01,4.618724958049825e-09,0.008679925
deconfound,C2overheard/Mira,stated_self,avn05__hlp04,0.9999183977051871,0.8876564
deconfound,C2overheard/Mira,stated_self,avn05__pls06,0.0237160362303257,0.34799632
deconfound,C2overheard/Mira,stated_self,avn06__hlp03,2.580578893685015e-06,0.0052087842
deconfound,C2overheard/Mira,stated_self,avn06__pls04,7.215964092921467e-08,0.0069290814
deconfound,C2overheard/Mira,stated_self,avn07__hlp08,0.5003529787063599,0.5266294
deconfound,C2overheard/Mira,stated_self,avn07__pls05,1.787230985428323e-07,0.0014297178
deconfound,C2overheard/Mira,stated_self,avn08__hlp07,0.9999965106803756,0.9824742
deconfound,C2overheard/Mira,stated_self,avn08__pls03,0.0033464254811406136,0.21084993
deconfound,C2overheard/Mira,stated_self,cre01__int06,0.0002787735138554126,0.32944745
deconfound,C2overheard/Mira,stated_self,cre01__rep02,0.5000614523887634,0.5042186
deconfound,C2overheard/Mira,stated_self,cre02__hlp08,0.9999973690341903,0.9953991
deconfound,C2overheard/Mira,stated_self,cre03__ana02,0.9979647523723543,0.5732577
deconfound,C2overheard/Mira,stated_self,cre05__ana06,0.47628945112228394,0.4457498
deconfound,C2overheard/Mira,stated_self,cre06__hlp05,1.616122017367161e-05,0.018248077
deconfound,C2overheard/Mira,stated_self,cre06__hlp07,0.9997948932141298,0.9473685
deconfound,C2overheard/Mira,stated_self,cre07__int05,0.9996451647893991,0.72189695
deconfound,C2overheard/Mira,stated_self,cre08__ana03,0.5003536939620972,0.5047716
deconfound,C2overheard/Mira,stated_self,emo02__cre04,0.5379290282726288,0.51296294
deconfound,C2overheard/Mira,stated_self,emo02__hlp07,0.9999999964029336,0.9866321
deconfound,C2overheard/Mira,stated_self,emo03__ana08,0.9999999997700473,0.994514
deconfound,C2overheard/Mira,stated_self,emo05__slf02,0.5004536509513855,0.5175504
deconfound,C2overheard/Mira,stated_self,emo06__cre08,0.999999998300866,0.9950533
deconfound,C2overheard/Mira,stated_self,gry01__emo06,8.459489359013972e-11,0.0054924143
deconfound,C2overheard/Mira,stated_self,gry01__hlp04,1.399089786247032e-07,0.0019006564
deconfound,C2overheard/Mira,stated_self,gry02__emo01,3.995979588888865e-11,0.008152413
deconfound,C2overheard/Mira,stated_self,gry02__hlp05,1.790873976892371e-10,0.0024601438
deconfound,C2overheard/Mira,stated_self,gry03__emo04,2.2995279291837534e-10,0.009703953
deconfound,C2overheard/Mira,stated_self,gry03__hlp06,1.9639310266938992e-07,0.020359907
deconfound,C2overheard/Mira,stated_self,gry04__hlp07,0.9999949359313405,0.9877308
deconfound,C2overheard/Mira,stated_self,gry04__pls02,2.5106294287979836e-07,0.03936036
deconfound,C2overheard/Mira,stated_self,gry05__hlp08,3.2379739423049614e-07,0.0014430857
deconfound,C2overheard/Mira,stated_self,gry05__pls01,6.250764350568261e-10,0.0027747662
deconfound,C2overheard/Mira,stated_self,gry06__hlp01,1.3887791396882676e-05,0.01030511
deconfound,C2overheard/Mira,stated_self,gry06__pls06,1.228063559732817e-07,0.0014542226
deconfound,C2overheard/Mira,stated_self,hlp01__rep06,0.5,0.4598715
deconfound,C2overheard/Mira,stated_self,hlp03__emo01,1.0342587941636339e-07,0.006463653
deconfound,C2overheard/Mira,stated_self,hlp03__rep05,0.9999984045726933,0.9982518
deconfound,C2overheard/Mira,stated_self,hlp04__ana07,0.9945025951601565,0.8875648
deconfound,C2overheard/Mira,stated_self,hlp06__rep07,0.5595723390579224,0.6006645
deconfound,C2overheard/Mira,stated_self,hlp08__emo05,0.49876371026039124,0.48068526
deconfound,C2overheard/Mira,stated_self,int01__hlp01,0.9999969279128891,0.9917272
deconfound,C2overheard/Mira,stated_self,int01__slf01,0.09121926128864288,0.22574432
deconfound,C2overheard/Mira,stated_self,int02__ana05,0.9992680578725412,0.8150457
deconfound,C2overheard/Mira,stated_self,int03__ana05,0.9755364619195461,0.7606592
deconfound,C2overheard/Mira,stated_self,int04__cre04,0.5000039339065552,0.49959576
deconfound,C2overheard/Mira,stated_self,int04__emo03,5.501969155830011e-07,0.008570265
deconfound,C2overheard/Mira,stated_self,int05__ana06,0.9999888602933424,0.8617631
deconfound,C2overheard/Mira,stated_self,int06__cre05,0.5000025629997253,0.5011791
deconfound,C2overheard/Mira,stated_self,rep01__hlp04,0.00035627760632905847,0.018958569
deconfound,C2overheard/Mira,stated_self,rep03__ana07,0.591206282377243,0.70641315
deconfound,C2overheard/Mira,stated_self,rep03__emo04,8.026139752814743e-10,0.008706207
deconfound,C2overheard/Mira,stated_self,rep05__emo04,8.026139752814743e-10,0.005457239
deconfound,C2overheard/Mira,stated_self,rep06__emo01,3.597066422500461e-09,0.005739005
deconfound,C2overheard/Mira,stated_self,rep07__cre07,7.224900855362648e-08,0.0016175301
deconfound,C2overheard/Mira,stated_self,rep08__ana04,0.4404008984565735,0.4773594
deconfound,C2overheard/Mira,stated_self,rep08__cre03,2.52173691706048e-07,0.011334948
deconfound,C2overheard/Mira,stated_self,sig_feelings__sig_specs,0.99999999406944,0.9967514
deconfound,C2overheard/Mira,stated_self,sig_long__sig_short,0.9944927700689732,0.92947435
deconfound,C2overheard/Mira,stated_self,sig_roast__sig_bedtime,2.1817312401140043e-09,0.007842306
deconfound,C2overheard/Mira,stated_self,slf01__hlp02,0.9999963914710861,0.92279863
deconfound,C2overheard/Mira,stated_self,slf02__rep04,0.9999992549167018,0.99302125
deconfound,C2overheard/Mira,stated_self,slf03__ana03,0.9999931792963253,0.9825243
deconfound,C2overheard/Mira,stated_self,slf04__rep02,0.5911900699138641,0.5616548
deconfound,C2overheard/Vex,revealed,ana01__int03,0.009001469711620302,0.21783666
deconfound,C2overheard/Vex,revealed,ana01__slf04,0.4999384880065918,0.5031286
deconfound,C2overheard/Vex,revealed,ana02__hlp02,0.9999926229221501,0.98552513
deconfound,C2overheard/Vex,revealed,ana04__hlp05,0.5237127838376949,0.71085036
deconfound,C2overheard/Vex,revealed,ana08__rep04,0.9929676677858765,0.9033282
deconfound,C2overheard/Vex,revealed,avn01__hlp02,0.49877020716667175,0.34486023
deconfound,C2overheard/Vex,revealed,avn01__pls05,0.4945857524871826,0.4140113
deconfound,C2overheard/Vex,revealed,avn02__hlp01,0.9999982456911312,0.97311026
deconfound,C2overheard/Vex,revealed,avn02__pls03,0.49999934434890747,0.49858376
deconfound,C2overheard/Vex,revealed,avn03__hlp05,0.9999996297277676,0.99835724
deconfound,C2overheard/Vex,revealed,avn03__pls02,0.9999932509200278,0.96628577
deconfound,C2overheard/Vex,revealed,avn04__hlp06,8.541043371224077e-06,0.022353292
deconfound,C2overheard/Vex,revealed,avn04__pls01,0.4999939121993009,0.41907546
deconfound,C2overheard/Vex,revealed,avn05__hlp04,0.9999980959884347,0.9972211
deconfound,C2overheard/Vex,revealed,avn05__pls06,0.9999997284165119,0.99685615
deconfound,C2overheard/Vex,revealed,avn06__hlp03,0.9999981084347773,0.98869765
deconfound,C2overheard/Vex,revealed,avn06__pls04,0.9999973636405173,0.95426846
deconfound,C2overheard/Vex,revealed,avn07__hlp08,0.9999990933753322,0.997704
deconfound,C2overheard/Vex,revealed,avn07__pls05,0.9999997284165119,0.99002385
deconfound,C2overheard/Vex,revealed,avn08__hlp07,0.9999974194211063,0.99544525
deconfound,C2overheard/Vex,revealed,avn08__pls03,0.9999997870580515,0.99547946
deconfound,C2overheard/Vex,revealed,cre01__int06,0.18877032992233556,0.42083654
deconfound,C2overheard/Vex,revealed,cre01__rep02,0.49665369363731315,0.46367452
deconfound,C2overheard/Vex,revealed,cre02__hlp08,0.5000001274042916,0.50054294
deconfound,C2overheard/Vex,revealed,cre03__ana02,0.0012428084155544639,0.097628616
deconfound,C2overheard/Vex,revealed,cre05__ana06,1.076296407376276e-05,0.051936377
deconfound,C2overheard/Vex,revealed,cre06__hlp05,0.5000042189094529,0.58079505
deconfound,C2overheard/Vex,revealed,cre06__hlp07,0.8110990808490897,0.81776506
deconfound,C2overheard/Vex,revealed,cre07__int05,1.0881787162020373e-05,0.05118458
deconfound,C2overheard/Vex,revealed,cre08__ana03,0.00027695039153741163,0.15333024
deconfound,C2overheard/Vex,revealed,emo02__cre04,0.014657006670745432,0.13911307
deconfound,C2overheard/Vex,revealed,emo02__hlp07,0.4404212392819318,0.36618167
deconfound,C2overheard/Vex,revealed,emo03__ana08,0.09121310308091779,0.40396017
deconfound,C2overheard/Vex,revealed,emo05__slf02,0.49962371587753296,0.43965927
deconfound,C2overheard/Vex,revealed,emo06__cre08,8.497601371004748e-06,0.10519144
deconfound,C2overheard/Vex,revealed,gry01__emo06,0.9999999327803657,0.9936576
deconfound,C2overheard/Vex,revealed,gry01__hlp04,0.9999994474372649,0.99216545
deconfound,C2overheard/Vex,revealed,gry02__emo01,0.48534408106979754,0.08297618
deconfound,C2overheard/Vex,revealed,gry02__hlp05,0.00198688090313226,0.5185449
deconfound,C2overheard/Vex,revealed,gry03__emo04,0.9999999277509914,0.8888769
deconfound,C2overheard/Vex,revealed,gry03__hlp06,0.9999998681463467,0.99009365
deconfound,C2overheard/Vex,revealed,gry04__hlp07,0.311685174703598,0.4601444
deconfound,C2overheard/Vex,revealed,gry04__pls02,0.5596000084962043,0.6590766
deconfound,C2overheard/Vex,revealed,gry05__hlp08,0.9999990496627511,0.9919065
deconfound,C2overheard/Vex,revealed,gry05__pls01,0.9999997489370571,0.987625
deconfound,C2overheard/Vex,revealed,gry06__hlp01,0.9999892445850147,0.99206233
deconfound,C2overheard/Vex,revealed,gry06__pls06,0.9999959938444363,0.98198485
deconfound,C2overheard/Vex,revealed,hlp01__rep06,0.9999996424629671,0.99568254
deconfound,C2overheard/Vex,revealed,hlp03__emo01,0.4999863249242509,0.2275478
deconfound,C2overheard/Vex,revealed,hlp03__rep05,0.9620708779947122,0.81850743
deconfound,C2overheard/Vex,revealed,hlp04__ana07,0.9620703782713349,0.69727224
deconfound,C2overheard/Vex,revealed,hlp06__rep07,0.5002745260084112,0.54542994
deconfound,C2overheard/Vex,revealed,hlp08__emo05,0.4966542599975128,0.31172976
deconfound,C2overheard/Vex,revealed,int01__hlp01,0.9999969303355556,0.9947611
deconfound,C2overheard/Vex,revealed,int01__slf01,2.545395112463211e-07,0.002135573
deconfound,C2overheard/Vex,revealed,int02__ana05,0.03792920699572733,0.2443887
deconfound,C2overheard/Vex,revealed,int03__ana05,0.49100701408690384,0.24186112
deconfound,C2overheard/Vex,revealed,int04__cre04,0.9999206324759911,0.8496464
deconfound,C2overheard/Vex,revealed,int04__emo03,0.9999956503294527,0.9834633
deconfound,C2overheard/Vex,revealed,int05__ana06,0.9945063415211735,0.8445351
deconfound,C2overheard/Vex,revealed,int06__cre05,0.5000039008100821,0.5029786
deconfound,C2overheard/Vex,revealed,rep01__hlp04,0.4987638076091798,0.40336832
deconfound,C2overheard/Vex,revealed,rep03__ana07,0.4999994436258248,0.4931919
deconfound,C2overheard/Vex,revealed,rep03__emo04,0.47628715598075644,0.2553202
deconfound,C2overheard/Vex,revealed,rep05__emo04,0.002035123833252328,0.09135628
deconfound,C2overheard/Vex,revealed,rep06__emo01,3.1335695425127597e-06,0.008946027
deconfound,C2overheard/Vex,revealed,rep07__cre07,0.6344703923214183,0.61450285
deconfound,C2overheard/Vex,revealed,rep08__ana04,0.018681144101719838,0.1169512
deconfound,C2overheard/Vex,revealed,rep08__cre03,2.481964198608466e-07,0.002582617
deconfound,C2overheard/Vex,revealed,sig_feelings__sig_specs,4.382123464097276e-08,0.046159316
deconfound,C2overheard/Vex,revealed,sig_long__sig_short,3.10667587655189e-07,0.0014950295
deconfound,C2overheard/Vex,revealed,sig_roast__sig_bedtime,0.9999998646697783,0.9914186
deconfound,C2overheard/Vex,revealed,slf01__hlp02,0.999999884127778,0.9984475
deconfound,C2overheard/Vex,revealed,slf02__rep04,0.005494147564377272,0.11975475
deconfound,C2overheard/Vex,revealed,slf03__ana03,0.491462379693985,0.3799347
deconfound,C2overheard/Vex,revealed,slf04__rep02,0.9999923729316151,0.984213
deconfound,C2overheard/Vex,stated_self,ana01__int03,3.835341772173706e-06,0.12520081
deconfound,C2overheard/Vex,stated_self,ana01__slf04,0.999978352789185,0.986354
deconfound,C2overheard/Vex,stated_self,ana02__hlp02,0.9999515315575991,0.98613524
deconfound,C2overheard/Vex,stated_self,ana04__hlp05,0.5004553198814392,0.5603217
deconfound,C2overheard/Vex,stated_self,ana08__rep04,0.4999992847442627,0.49961308
deconfound,C2overheard/Vex,stated_self,avn01__hlp02,0.5000050663948059,0.5090997
deconfound,C2overheard/Vex,stated_self,avn01__pls05,0.514656126499176,0.6559992
deconfound,C2overheard/Vex,stated_self,avn02__hlp01,0.688314825296402,0.9007454
deconfound,C2overheard/Vex,stated_self,avn02__pls03,0.5033462941646576,0.88652503
deconfound,C2overheard/Vex,stated_self,avn03__hlp05,0.500127524137497,0.517914
deconfound,C2overheard/Vex,stated_self,avn03__pls02,0.9999831327131687,0.8972274
deconfound,C2overheard/Vex,stated_self,avn04__hlp06,0.9995443552033976,0.8567432
deconfound,C2overheard/Vex,stated_self,avn04__pls01,0.9999915300804787,0.8608781
deconfound,C2overheard/Vex,stated_self,avn05__hlp04,0.634469598531723,0.6592532
deconfound,C2overheard/Vex,stated_self,avn05__pls06,0.5002537071704865,0.4948463
deconfound,C2overheard/Vex,stated_self,avn06__hlp03,0.6344693005084991,0.891596
deconfound,C2overheard/Vex,stated_self,avn06__pls04,0.49941638112068176,0.49711785
deconfound,C2overheard/Vex,stated_self,avn07__hlp08,0.537928968667984,0.82644045
deconfound,C2overheard/Vex,stated_self,avn07__pls05,0.9999999138164295,0.9935431
deconfound,C2overheard/Vex,stated_self,avn08__hlp07,0.9999994065439637,0.9743575
deconfound,C2overheard/Vex,stated_self,avn08__pls03,0.9999999971986018,0.99457157
deconfound,C2overheard/Vex,stated_self,cre01__int06,1.9825289427899406e-06,0.0028584765
deconfound,C2overheard/Vex,stated_self,cre01__rep02,0.4999895691871643,0.4966356
deconfound,C2overheard/Vex,stated_self,cre02__hlp08,0.5000020861625671,0.50224125
deconfound,C2overheard/Vex,stated_self,cre03__ana02,0.003347855992615223,0.14801309
deconfound,C2overheard/Vex,stated_self,cre05__ana06,3.250901045248611e-06,0.008351345
deconfound,C2overheard/Vex,stated_self,cre06__hlp05,0.49995601177215576,0.47011405
deconfound,C2overheard/Vex,stated_self,cre06__hlp07,0.9990817409707233,0.92876714
deconfound,C2overheard/Vex,stated_self,cre07__int05,2.5117565201071557e-06,0.072808236
deconfound,C2overheard/Vex,stated_self,cre08__ana03,0.4997847378253937,0.45919257
deconfound,C2overheard/Vex,stated_self,emo02__cre04,3.3118813291821425e-07,0.0053487197
deconfound,C2overheard/Vex,stated_self,emo02__hlp07,1.44541515965102e-05,0.010400378
deconfound,C2overheard/Vex,stated_self,emo03__ana08,1.3089760386719718e-06,0.0034911837
deconfound,C2overheard/Vex,stated_self,emo05__slf02,4.73500090691914e-07,0.00782727
deconfound,C2overheard/Vex,stated_self,emo06__cre08,7.00415175742819e-05,0.1414817
deconfound,C2overheard/Vex,stated_self,gry01__emo06,0.9999999658719858,0.9970015
deconfound,C2overheard/Vex,stated_self,gry01__hlp04,0.9999998542117847,0.99123967
deconfound,C2overheard/Vex,stated_self,gry02__emo01,0.9999992549167018,0.9943574
deconfound,C2overheard/Vex,stated_self,gry02__hlp05,1.966862441804551e-06,0.03409734
deconfound,C2overheard/Vex,stated_self,gry03__emo04,0.9999998470488975,0.99336565
deconfound,C2overheard/Vex,stated_self,gry03__hlp06,0.999999998300866,0.98413473
deconfound,C2overheard/Vex,stated_self,gry04__hlp07,0.5144884586334229,0.5633353
deconfound,C2overheard/Vex,stated_self,gry04__pls02,0.5237045884132385,0.74699354
deconfound,C2overheard/Vex,stated_self,gry05__hlp08,0.5000224113464355,0.54208887
deconfound,C2overheard/Vex,stated_self,gry05__pls01,0.9999987506286061,0.9160381
deconfound,C2overheard/Vex,stated_self,gry06__hlp01,0.500097781419754,0.5094168
deconfound,C2overheard/Vex,stated_self,gry06__pls06,0.5000287294387817,0.5020746
deconfound,C2overheard/Vex,stated_self,hlp01__rep06,0.4999987483024597,0.49903178
deconfound,C2overheard/Vex,stated_self,hlp03__emo01,0.9999981545821583,0.9975377
deconfound,C2overheard/Vex,stated_self,hlp03__rep05,0.969908632338047,0.8544933
deconfound,C2overheard/Vex,stated_self,hlp04__ana07,0.4966643154621124,0.4102623
deconfound,C2overheard/Vex,stated_self,hlp06__rep07,0.3655376136302948,0.42708942
deconfound,C2overheard/Vex,stated_self,hlp08__emo05,0.9999991198284306,0.994375
deconfound,C2overheard/Vex,stated_self,int01__hlp01,0.9762869440019131,0.86532867
deconfound,C2overheard/Vex,stated_self,int01__slf01,0.4998997151851654,0.46163207
deconfound,C2overheard/Vex,stated_self,int02__ana05,0.49916723370552063,0.45606738
deconfound,C2overheard/Vex,stated_self,int03__ana05,0.5002680718898773,0.5322551
deconfound,C2overheard/Vex,stated_self,int04__cre04,0.5000280141830444,0.50631547
deconfound,C2overheard/Vex,stated_self,int04__emo03,0.9999987506286061,0.99482214
deconfound,C2overheard/Vex,stated_self,int05__ana06,0.5004549622535706,0.55462074
deconfound,C2overheard/Vex,stated_self,int06__cre05,0.9853437654674053,0.64255273
deconfound,C2overheard/Vex,stated_self,rep01__hlp04,0.9620678126811981,0.770676
deconfound,C2overheard/Vex,stated_self,rep03__ana07,0.5000780820846558,0.54820675
deconfound,C2overheard/Vex,stated_self,rep03__emo04,0.9999993863743839,0.99597967
deconfound,C2overheard/Vex,stated_self,rep05__emo04,0.9999984517477571,0.99759954
deconfound,C2overheard/Vex,stated_self,rep06__emo01,0.9999997478263083,0.9981396
deconfound,C2overheard/Vex,stated_self,rep07__cre07,0.9999983333960927,0.98598826
deconfound,C2overheard/Vex,stated_self,rep08__ana04,0.49983346462249756,0.48719934
deconfound,C2overheard/Vex,stated_self,rep08__cre03,0.49999791383743286,0.49768314
deconfound,C2overheard/Vex,stated_self,sig_feelings__sig_specs,1.255499615382405e-08,0.009631198
deconfound,C2overheard/Vex,stated_self,sig_long__sig_short,0.9999985488440188,0.97934294
deconfound,C2overheard/Vex,stated_self,sig_roast__sig_bedtime,0.9999990602237858,0.9962336
deconfound,C2overheard/Vex,stated_self,slf01__hlp02,0.999999616597961,0.9919857
deconfound,C2overheard/Vex,stated_self,slf02__rep04,5.601437351288041e-06,0.029377729
deconfound,C2overheard/Vex,stated_self,slf03__ana03,0.00015976921167748515,0.06997425
deconfound,C2overheard/Vex,stated_self,slf04__rep02,0.00035990160540677607,0.18085691
deconfound,C3anti/Lazlo,revealed,ana01__int03,0.9999980331375582,0.99417555
deconfound,C3anti/Lazlo,revealed,ana01__slf04,0.9999983173148337,0.9815339
deconfound,C3anti/Lazlo,revealed,ana02__hlp02,0.05960330739617348,0.14013547
deconfound,C3anti/Lazlo,revealed,ana04__hlp05,0.9999925410579635,0.85670197
deconfound,C3anti/Lazlo,revealed,ana08__rep04,0.4999640280428821,0.48156333
deconfound,C3anti/Lazlo,revealed,avn01__hlp02,4.618724958049825e-09,0.0014389858
deconfound,C3anti/Lazlo,revealed,avn01__pls05,3.597066422500461e-09,0.0019206053
deconfound,C3anti/Lazlo,revealed,avn02__hlp01,1.4007343906996539e-06,0.024703255
deconfound,C3anti/Lazlo,revealed,avn02__pls03,2.0999176797431574e-06,0.01608288
deconfound,C3anti/Lazlo,revealed,avn03__hlp05,1.919992996590736e-06,0.021241533
deconfound,C3anti/Lazlo,revealed,avn03__pls02,0.008993128779229309,0.24522117
deconfound,C3anti/Lazlo,revealed,avn04__hlp06,4.33353445572493e-07,0.002068169
deconfound,C3anti/Lazlo,revealed,avn04__pls01,0.4103735685348511,0.3296408
deconfound,C3anti/Lazlo,revealed,avn05__hlp04,0.9999816119418483,0.9461827
deconfound,C3anti/Lazlo,revealed,avn05__pls06,1.1262687451107922e-05,0.015369337
deconfound,C3anti/Lazlo,revealed,avn06__hlp03,3.105782200307772e-07,0.0020615263
deconfound,C3anti/Lazlo,revealed,avn06__pls04,7.215964092921467e-08,0.0010534858
deconfound,C3anti/Lazlo,revealed,avn07__hlp08,1.9643628661469847e-06,0.0065054977
deconfound,C3anti/Lazlo,revealed,avn07__pls05,0.00045945949386805296,0.08283369
deconfound,C3anti/Lazlo,revealed,avn08__hlp07,1.1052633453800809e-05,0.021528475
deconfound,C3anti/Lazlo,revealed,avn08__pls03,0.5379279577151692,0.62454796
deconfound,C3anti/Lazlo,revealed,cre01__int06,0.9999992721892665,0.991833
deconfound,C3anti/Lazlo,revealed,cre01__rep02,0.9999957703963673,0.9797561
deconfound,C3anti/Lazlo,revealed,cre02__hlp08,1.2592155712809472e-05,0.024792356
deconfound,C3anti/Lazlo,revealed,cre03__ana02,0.408795565366745,0.37209237
deconfound,C3anti/Lazlo,revealed,cre05__ana06,1.2179992040728393e-05,0.1638963
deconfound,C3anti/Lazlo,revealed,cre06__hlp05,0.9999957954246383,0.9959823
deconfound,C3anti/Lazlo,revealed,cre06__hlp07,0.9909841855987906,0.90467036
deconfound,C3anti/Lazlo,revealed,cre07__int05,0.0020369149038970136,0.20455834
deconfound,C3anti/Lazlo,revealed,cre08__ana03,0.9999996933478625,0.998724
deconfound,C3anti/Lazlo,revealed,emo02__cre04,3.2958346309897024e-06,0.0058148066
deconfound,C3anti/Lazlo,revealed,emo02__hlp07,3.2958346309897024e-06,0.0065374305
deconfound,C3anti/Lazlo,revealed,emo03__ana08,1.626904577278765e-06,0.010553756
deconfound,C3anti/Lazlo,revealed,emo05__slf02,8.682068397547482e-07,0.004389039
deconfound,C3anti/Lazlo,revealed,emo06__cre08,2.3832774331822293e-07,0.0033391211
deconfound,C3anti/Lazlo,revealed,gry01__emo06,9.868392254475111e-07,0.009281452
deconfound,C3anti/Lazlo,revealed,gry01__hlp04,1.2491071288422972e-06,0.017264908
deconfound,C3anti/Lazlo,revealed,gry02__emo01,5.400388694010161e-07,0.008766977
deconfound,C3anti/Lazlo,revealed,gry02__hlp05,8.618357050238501e-08,0.0033497326
deconfound,C3anti/Lazlo,revealed,gry03__emo04,3.2958346309897024e-06,0.0148907285
deconfound,C3anti/Lazlo,revealed,gry03__hlp06,1.8915652226780821e-06,0.003559929
deconfound,C3anti/Lazlo,revealed,gry04__hlp07,3.2988999691951904e-06,0.017422482
deconfound,C3anti/Lazlo,revealed,gry04__pls02,0.0015864405879284504,0.102859356
deconfound,C3anti/Lazlo,revealed,gry05__hlp08,3.317650367762326e-07,0.0024901547
deconfound,C3anti/Lazlo,revealed,gry05__pls01,0.008993641473352909,0.051368054
deconfound,C3anti/Lazlo,revealed,gry06__hlp01,0.9999975230446552,0.9692847
deconfound,C3anti/Lazlo,revealed,gry06__pls06,5.0771195674315095e-06,0.013870163
deconfound,C3anti/Lazlo,revealed,hlp01__rep06,0.9999997454604888,0.998468
deconfound,C3anti/Lazlo,revealed,hlp03__emo01,0.9999993305937949,0.99549425
deconfound,C3anti/Lazlo,revealed,hlp03__rep05,0.9999997454604888,0.9976599
deconfound,C3anti/Lazlo,revealed,hlp04__ana07,1.7543088688398711e-06,0.005169606
deconfound,C3anti/Lazlo,revealed,hlp06__rep07,0.9999960499725127,0.9822284
deconfound,C3anti/Lazlo,revealed,hlp08__emo05,0.9999998600910214,0.9966223
deconfound,C3anti/Lazlo,revealed,int01__hlp01,9.663186801844859e-07,0.008894263
deconfound,C3anti/Lazlo,revealed,int01__slf01,0.00016786425885584322,0.07336979
deconfound,C3anti/Lazlo,revealed,int02__ana05,0.00016774011476172745,0.04998116
deconfound,C3anti/Lazlo,revealed,int03__ana05,2.280213921324048e-05,0.017008364
deconfound,C3anti/Lazlo,revealed,int04__cre04,4.467757946713391e-06,0.011705837
deconfound,C3anti/Lazlo,revealed,int04__emo03,0.9910064652346193,0.69314426
deconfound,C3anti/Lazlo,revealed,int05__ana06,5.945779264493467e-07,0.014590833
deconfound,C3anti/Lazlo,revealed,int06__cre05,7.715233145688671e-07,0.003703342
deconfound,C3anti/Lazlo,revealed,rep01__hlp04,0.5,0.44333035
deconfound,C3anti/Lazlo,revealed,rep03__ana07,5.110216040549176e-06,0.014798955
deconfound,C3anti/Lazlo,revealed,rep03__emo04,0.49999817080836095,0.49622875
deconfound,C3anti/Lazlo,revealed,rep05__emo04,1.0749535748644234e-05,0.023529151
deconfound,C3anti/Lazlo,revealed,rep06__emo01,0.4999988964168214,0.48525524
deconfound,C3anti/Lazlo,revealed,rep07__cre07,0.000130657707039461,0.06982147
deconfound,C3anti/Lazlo,revealed,rep08__ana04,1.098100975127636e-05,0.020202026
deconfound,C3anti/Lazlo,revealed,rep08__cre03,2.5106294287979836e-07,0.0013003368
deconfound,C3anti/Lazlo,revealed,sig_feelings__sig_specs,3.4128014192447154e-08,0.0024644178
deconfound,C3anti/Lazlo,revealed,sig_long__sig_short,4.618724958049825e-09,0.002121714
deconfound,C3anti/Lazlo,revealed,sig_roast__sig_bedtime,2.4003067231603836e-06,0.010940594
deconfound,C3anti/Lazlo,revealed,slf01__hlp02,0.0003598914458962099,0.19364601
deconfound,C3anti/Lazlo,revealed,slf02__rep04,0.00013130905767866352,0.032430068
deconfound,C3anti/Lazlo,revealed,slf03__ana03,0.9999994072906198,0.99836767
deconfound,C3anti/Lazlo,revealed,slf04__rep02,0.4973904711367254,0.39255303
deconfound,C3anti/Lazlo,stated_self,ana01__int03,0.5000095963478088,0.5058212
deconfound,C3anti/Lazlo,stated_self,ana01__slf04,0.5379272401332855,0.5507711
deconfound,C3anti/Lazlo,stated_self,ana02__hlp02,8.351308679266367e-06,0.018383306
deconfound,C3anti/Lazlo,stated_self,ana04__hlp05,3.646760706033092e-05,0.119108915
deconfound,C3anti/Lazlo,stated_self,ana08__rep04,0.537920743227005,0.51907897
deconfound,C3anti/Lazlo,stated_self,avn01__hlp02,3.4128014192447154e-08,0.0023125925
deconfound,C3anti/Lazlo,stated_self,avn01__pls05,3.4128014192447154e-08,0.002203592
deconfound,C3anti/Lazlo,stated_self,avn02__hlp01,7.13787216000128e-07,0.005381438
deconfound,C3anti/Lazlo,stated_self,avn02__pls03,3.117783364814386e-07,0.010415856
deconfound,C3anti/Lazlo,stated_self,avn03__hlp05,5.185513259675645e-06,0.025323767
deconfound,C3anti/Lazlo,stated_self,avn03__pls02,0.005494342257293283,0.056605853
deconfound,C3anti/Lazlo,stated_self,avn04__hlp06,3.907927776936049e-07,0.008106841
deconfound,C3anti/Lazlo,stated_self,avn04__pls01,2.5781456770346267e-05,0.2618194
deconfound,C3anti/Lazlo,stated_self,avn05__hlp04,0.9999980174710572,0.99231684
deconfound,C3anti/Lazlo,stated_self,avn05__pls06,2.2626503550782218e-06,0.05970869
deconfound,C3anti/Lazlo,stated_self,avn06__hlp03,2.5599774744478054e-07,0.0041042306
deconfound,C3anti/Lazlo,stated_self,avn06__pls04,1.6120932144758626e-08,0.0050881584
deconfound,C3anti/Lazlo,stated_self,avn07__hlp08,7.040006494207773e-06,0.079388455
deconfound,C3anti/Lazlo,stated_self,avn07__pls05,1.6299699154842529e-06,0.009569672
deconfound,C3anti/Lazlo,stated_self,avn08__hlp07,6.199531344464049e-05,0.033285372
deconfound,C3anti/Lazlo,stated_self,avn08__pls03,0.49998635053634644,0.45391032
deconfound,C3anti/Lazlo,stated_self,cre01__int06,0.9945065037862619,0.93813694
deconfound,C3anti/Lazlo,stated_self,cre01__rep02,0.9999993913091885,0.99456966
deconfound,C3anti/Lazlo,stated_self,cre02__hlp08,0.09131449277629144,0.5107904
deconfound,C3anti/Lazlo,stated_self,cre03__ana02,0.9999381238958449,0.9076537
deconfound,C3anti/Lazlo,stated_self,cre05__ana06,0.9910050176789582,0.9325459
deconfound,C3anti/Lazlo,stated_self,cre06__hlp05,0.9999689399201088,0.8479655
deconfound,C3anti/Lazlo,stated_self,cre06__hlp07,0.5,0.5048051
deconfound,C3anti/Lazlo,stated_self,cre07__int05,0.9999156102585403,0.92708826
deconfound,C3anti/Lazlo,stated_self,cre08__ana03,0.9999999261686812,0.9975128
deconfound,C3anti/Lazlo,stated_self,emo02__cre04,3.702722324305796e-07,0.006827251
deconfound,C3anti/Lazlo,stated_self,emo02__hlp07,3.8340203900588676e-07,0.0044990946
deconfound,C3anti/Lazlo,stated_self,emo03__ana08,1.428185328222753e-06,0.012964746
deconfound,C3anti/Lazlo,stated_self,emo05__slf02,3.713829812568292e-07,0.0023783874
deconfound,C3anti/Lazlo,stated_self,emo06__cre08,2.9793238809361355e-07,0.004662866
deconfound,C3anti/Lazlo,stated_self,gry01__emo06,6.854786533949664e-07,0.0057854513
deconfound,C3anti/Lazlo,stated_self,gry01__hlp04,0.44039851427078247,0.3841974
deconfound,C3anti/Lazlo,stated_self,gry02__emo01,4.382123464097276e-08,0.030994177
deconfound,C3anti/Lazlo,stated_self,gry02__hlp05,1.1911845376744168e-07,0.0036749402
deconfound,C3anti/Lazlo,stated_self,gry03__emo04,1.1911845376744168e-07,0.002984795
deconfound,C3anti/Lazlo,stated_self,gry03__hlp06,6.555602567459573e-07,0.059892684
deconfound,C3anti/Lazlo,stated_self,gry04__hlp07,1.1897667491211905e-06,0.009216373
deconfound,C3anti/Lazlo,stated_self,gry04__pls02,7.126653258637816e-07,0.013190008
deconfound,C3anti/Lazlo,stated_self,gry05__hlp08,1.1897667491211905e-06,0.0633489
deconfound,C3anti/Lazlo,stated_self,gry05__pls01,0.00016785388288553804,0.3085589
deconfound,C3anti/Lazlo,stated_self,gry06__hlp01,0.00899331539449122,0.25615144
deconfound,C3anti/Lazlo,stated_self,gry06__pls06,5.02611328556668e-07,0.006868095
deconfound,C3anti/Lazlo,stated_self,hlp01__rep06,0.9999999138164295,0.9975431
deconfound,C3anti/Lazlo,stated_self,hlp03__emo01,0.9999996682349632,0.996329
deconfound,C3anti/Lazlo,stated_self,hlp03__rep05,0.9999996286170187,0.9970437
deconfound,C3anti/Lazlo,stated_self,hlp04__ana07,1.1310197294278623e-06,0.008983801
deconfound,C3anti/Lazlo,stated_self,hlp06__rep07,0.9999997489370571,0.9949355
deconfound,C3anti/Lazlo,stated_self,hlp08__emo05,0.9999999072304462,0.99586517
deconfound,C3anti/Lazlo,stated_self,int01__hlp01,0.00012338809756329283,0.1016895
deconfound,C3anti/Lazlo,stated_self,int01__slf01,0.49997969361311334,0.448729
deconfound,C3anti/Lazlo,stated_self,int02__ana05,0.491009967055561,0.19686992
deconfound,C3anti/Lazlo,stated_self,int03__ana05,0.05960334904887077,0.13902357
deconfound,C3anti/Lazlo,stated_self,int04__cre04,1.257021813216852e-05,0.056743428
deconfound,C3anti/Lazlo,stated_self,int04__emo03,0.9999986910239613,0.9207169
deconfound,C3anti/Lazlo,stated_self,int05__ana06,0.002096748874464538,0.10650847
deconfound,C3anti/Lazlo,stated_self,int06__cre05,7.126653258637816e-07,0.014953906
deconfound,C3anti/Lazlo,stated_self,rep01__hlp04,7.63605294196168e-06,0.04987221
deconfound,C3anti/Lazlo,stated_self,rep03__ana07,0.00027729671171528025,0.11001682
deconfound,C3anti/Lazlo,stated_self,rep03__emo04,0.4979652464389801,0.4399388
deconfound,C3anti/Lazlo,stated_self,rep05__emo04,1.5237419859204238e-07,0.0027315335
deconfound,C3anti/Lazlo,stated_self,rep06__emo01,0.4995444951123762,0.48260787
deconfound,C3anti/Lazlo,stated_self,rep07__cre07,2.350815115903515e-07,0.0026354825
deconfound,C3anti/Lazlo,stated_self,rep08__ana04,2.560673578955175e-06,0.034874186
deconfound,C3anti/Lazlo,stated_self,rep08__cre03,1.1911845376744168e-07,0.0033263937
deconfound,C3anti/Lazlo,stated_self,sig_feelings__sig_specs,3.4128014192447154e-08,0.006616181
deconfound,C3anti/Lazlo,stated_self,sig_long__sig_short,8.030433384931257e-08,0.012068592
deconfound,C3anti/Lazlo,stated_self,sig_roast__sig_bedtime,1.5237419859204238e-07,0.024141142
deconfound,C3anti/Lazlo,stated_self,slf01__hlp02,0.00016797309217508882,0.025502153
deconfound,C3anti/Lazlo,stated_self,slf02__rep04,0.9966524564639485,0.8721738
deconfound,C3anti/Lazlo,stated_self,slf03__ana03,0.999995876554749,0.89261043
deconfound,C3anti/Lazlo,stated_self,slf04__rep02,0.961794522794662,0.7388459
deconfound,C3anti/Mira,revealed,ana01__int03,0.6604067087173462,0.7672197
deconfound,C3anti/Mira,revealed,ana01__slf04,0.9999975230446552,0.9951149
deconfound,C3anti/Mira,revealed,ana02__hlp02,0.9998902613660903,0.89428335
deconfound,C3anti/Mira,revealed,ana04__hlp05,0.9999518057052086,0.95629513
deconfound,C3anti/Mira,revealed,ana08__rep04,0.5054916076136351,0.6039064
deconfound,C3anti/Mira,revealed,avn01__hlp02,2.990538006120147e-07,0.0014789256
deconfound,C3anti/Mira,revealed,avn01__pls05,1.770427863223567e-05,0.038265243
deconfound,C3anti/Mira,revealed,avn02__hlp01,4.4381143915472876e-07,0.002861105
deconfound,C3anti/Mira,revealed,avn02__pls03,3.105782200307772e-07,0.0014013143
deconfound,C3anti/Mira,revealed,avn03__hlp05,0.49665357913758434,0.4570871
deconfound,C3anti/Mira,revealed,avn03__pls02,0.499991659067609,0.485742
deconfound,C3anti/Mira,revealed,avn04__hlp06,6.506684121276862e-06,0.04078305
deconfound,C3anti/Mira,revealed,avn04__pls01,0.014656170320410666,0.22600183
deconfound,C3anti/Mira,revealed,avn05__hlp04,0.25003742311309907,0.35334247
deconfound,C3anti/Mira,revealed,avn05__pls06,0.038205504417419434,0.18444186
deconfound,C3anti/Mira,revealed,avn06__hlp03,3.155709105584492e-06,0.007904095
deconfound,C3anti/Mira,revealed,avn06__pls04,7.228707268325252e-07,0.001253685
deconfound,C3anti/Mira,revealed,avn07__hlp08,0.00045662885747788096,0.15046105
deconfound,C3anti/Mira,revealed,avn07__pls05,0.5033172798484884,0.5680208
deconfound,C3anti/Mira,revealed,avn08__hlp07,1.3861442496931886e-05,0.043598678
deconfound,C3anti/Mira,revealed,avn08__pls03,0.005493478206656022,0.14891042
deconfound,C3anti/Mira,revealed,cre01__int06,0.05960190149320965,0.43453664
deconfound,C3anti/Mira,revealed,cre01__rep02,2.9202938872430195e-05,0.06289641
deconfound,C3anti/Mira,revealed,cre02__hlp08,6.693299383186968e-06,0.034741014
deconfound,C3anti/Mira,revealed,cre03__ana02,3.2988999691951904e-06,0.008693984
deconfound,C3anti/Mira,revealed,cre05__ana06,2.00069509048717e-06,0.03553021
deconfound,C3anti/Mira,revealed,cre06__hlp05,0.499998460477741,0.49989632
deconfound,C3anti/Mira,revealed,cre06__hlp07,0.04970981413498521,0.47565266
deconfound,C3anti/Mira,revealed,cre07__int05,0.0026103515874638106,0.32599628
deconfound,C3anti/Mira,revealed,cre08__ana03,0.4999985524443389,0.49084327
deconfound,C3anti/Mira,revealed,emo02__cre04,0.5000080269128375,0.5032645
deconfound,C3anti/Mira,revealed,emo02__hlp07,0.5,0.5067872
deconfound,C3anti/Mira,revealed,emo03__ana08,0.018664596138819434,0.34860364
deconfound,C3anti/Mira,revealed,emo05__slf02,0.9999821783020479,0.9700781
deconfound,C3anti/Mira,revealed,emo06__cre08,0.9999921214621281,0.99560887
deconfound,C3anti/Mira,revealed,gry01__emo06,8.96871069855365e-07,0.0012412192
deconfound,C3anti/Mira,revealed,gry01__hlp04,5.373512838580119e-07,0.0021201703
deconfound,C3anti/Mira,revealed,gry02__emo01,1.1332908647077033e-06,0.0050449893
deconfound,C3anti/Mira,revealed,gry02__hlp05,5.365076855487483e-07,0.014820587
deconfound,C3anti/Mira,revealed,gry03__emo04,1.8099566556628588e-07,0.0009302431
deconfound,C3anti/Mira,revealed,gry03__hlp06,1.0732433125992813e-05,0.020644266
deconfound,C3anti/Mira,revealed,gry04__hlp07,0.004288915758948519,0.31041092
deconfound,C3anti/Mira,revealed,gry04__pls02,0.40878726219656336,0.36528605
deconfound,C3anti/Mira,revealed,gry05__hlp08,2.443491391446173e-07,0.002544762
deconfound,C3anti/Mira,revealed,gry05__pls01,2.2716984648951666e-05,0.033192955
deconfound,C3anti/Mira,revealed,gry06__hlp01,0.0020350722839328483,0.1798957
deconfound,C3anti/Mira,revealed,gry06__pls06,0.31122966328879453,0.26626575
deconfound,C3anti/Mira,revealed,hlp01__rep06,0.9999975892352833,0.98305607
deconfound,C3anti/Mira,revealed,hlp03__emo01,0.5002138274040817,0.5061055
deconfound,C3anti/Mira,revealed,hlp03__rep05,0.997389092038361,0.9067359
deconfound,C3anti/Mira,revealed,hlp04__ana07,0.4999520778656006,0.51439595
deconfound,C3anti/Mira,revealed,hlp06__rep07,0.5000176218574275,0.52965415
deconfound,C3anti/Mira,revealed,hlp08__emo05,0.9999204616296993,0.85104024
deconfound,C3anti/Mira,revealed,int01__hlp01,0.9909777482971549,0.8589901
deconfound,C3anti/Mira,revealed,int01__slf01,1.3887791396882676e-05,0.06940097
deconfound,C3anti/Mira,revealed,int02__ana05,0.00016786425885584322,0.064413056
deconfound,C3anti/Mira,revealed,int03__ana05,0.00022904723300598562,0.10243321
deconfound,C3anti/Mira,revealed,int04__cre04,0.6344700306401592,0.5498971
deconfound,C3anti/Mira,revealed,int04__emo03,0.49665377091196206,0.44540313
deconfound,C3anti/Mira,revealed,int05__ana06,0.46213260293006897,0.38961253
deconfound,C3anti/Mira,revealed,int06__cre05,0.5147198317572474,0.4453392
deconfound,C3anti/Mira,revealed,rep01__hlp04,0.00037813003291375935,0.12618724
deconfound,C3anti/Mira,revealed,rep03__ana07,6.693299383186968e-06,0.07383286
deconfound,C3anti/Mira,revealed,rep03__emo04,0.5000016209311298,0.47446543
deconfound,C3anti/Mira,revealed,rep05__emo04,1.8179669041273883e-06,0.005851265
deconfound,C3anti/Mira,revealed,rep06__emo01,0.49796495188597767,0.1137254
deconfound,C3anti/Mira,revealed,rep07__cre07,0.5000078168588402,0.5132076
deconfound,C3anti/Mira,revealed,rep08__ana04,2.3125133651547003e-05,0.038654078
deconfound,C3anti/Mira,revealed,rep08__cre03,4.8237736791634234e-05,0.07947354
deconfound,C3anti/Mira,revealed,sig_feelings__sig_specs,0.999994917484262,0.9898119
deconfound,C3anti/Mira,revealed,sig_long__sig_short,0.4999383465310139,0.48476312
deconfound,C3anti/Mira,revealed,sig_roast__sig_bedtime,0.00045549960485441465,0.06424435
deconfound,C3anti/Mira,revealed,slf01__hlp02,0.9999940534336247,0.97582686
deconfound,C3anti/Mira,revealed,slf02__rep04,1.8743229137641038e-06,0.008798938
deconfound,C3anti/Mira,revealed,slf03__ana03,0.5002739967808338,0.50295025
deconfound,C3anti/Mira,revealed,slf04__rep02,0.1344708032689823,0.31542033
deconfound,C3anti/Mira,stated_self,ana01__int03,0.7163017042912543,0.52306855
deconfound,C3anti/Mira,stated_self,ana01__slf04,0.9999990793514026,0.9794618
deconfound,C3anti/Mira,stated_self,ana02__hlp02,0.9999942481265407,0.9856106
deconfound,C3anti/Mira,stated_self,ana04__hlp05,0.9999987952627407,0.96665895
deconfound,C3anti/Mira,stated_self,ana08__rep04,0.018765179469482973,0.2123674
deconfound,C3anti/Mira,stated_self,avn01__hlp02,9.868392254475111e-07,0.0154286865
deconfound,C3anti/Mira,stated_self,avn01__pls05,7.359554263786094e-07,0.009179312
deconfound,C3anti/Mira,stated_self,avn02__hlp01,8.046879429457476e-07,0.002602493
deconfound,C3anti/Mira,stated_self,avn02__pls03,1.2516067044998636e-06,0.021397512
deconfound,C3anti/Mira,stated_self,avn03__hlp05,0.49796546503768013,0.09329594
deconfound,C3anti/Mira,stated_self,avn03__pls02,0.49964823687651005,0.09901205
deconfound,C3anti/Mira,stated_self,avn04__hlp06,2.3033167053654324e-05,0.011714711
deconfound,C3anti/Mira,stated_self,avn04__pls01,0.4999980070915626,0.4652987
deconfound,C3anti/Mira,stated_self,avn05__hlp04,3.218559982087754e-06,0.013439007
deconfound,C3anti/Mira,stated_self,avn05__pls06,0.00013081997212793794,0.017564218
deconfound,C3anti/Mira,stated_self,avn06__hlp03,1.1887558279966015e-06,0.007878238
deconfound,C3anti/Mira,stated_self,avn06__pls04,9.000002316739142e-07,0.005802495
deconfound,C3anti/Mira,stated_self,avn07__hlp08,1.616122017367161e-05,0.02164299
deconfound,C3anti/Mira,stated_self,avn07__pls05,0.5020319967266005,0.4569154
deconfound,C3anti/Mira,stated_self,avn08__hlp07,0.014659198586286948,0.07770754
deconfound,C3anti/Mira,stated_self,avn08__pls03,0.00013115743041680616,0.012199693
deconfound,C3anti/Mira,stated_self,cre01__int06,1.0734896022768226e-05,0.0131616965
deconfound,C3anti/Mira,stated_self,cre01__rep02,2.5101916889980203e-05,0.024496391
deconfound,C3anti/Mira,stated_self,cre02__hlp08,7.00599366609822e-06,0.008850353
deconfound,C3anti/Mira,stated_self,cre03__ana02,2.4491147087246645e-05,0.024032803
deconfound,C3anti/Mira,stated_self,cre05__ana06,1.1854962394863833e-05,0.0107018035
deconfound,C3anti/Mira,stated_self,cre06__hlp05,0.4999779865445362,0.3672653
deconfound,C3anti/Mira,stated_self,cre06__hlp07,0.49998565177611454,0.47726384
deconfound,C3anti/Mira,stated_self,cre07__int05,1.4166133723847452e-06,0.0059332717
deconfound,C3anti/Mira,stated_self,cre08__ana03,1.2592155712809472e-05,0.022433702
deconfound,C3anti/Mira,stated_self,emo02__cre04,0.008993804480041945,0.15683499
deconfound,C3anti/Mira,stated_self,emo02__hlp07,0.00045662885747788096,0.16967359
deconfound,C3anti/Mira,stated_self,emo03__ana08,6.196556910254003e-06,0.039536998
deconfound,C3anti/Mira,stated_self,emo05__slf02,2.3125133651547003e-05,0.01805897
deconfound,C3anti/Mira,stated_self,emo06__cre08,0.49999718553078765,0.5115103
deconfound,C3anti/Mira,stated_self,gry01__emo06,1.8642892385400955e-07,0.0030527727
deconfound,C3anti/Mira,stated_self,gry01__hlp04,1.6991339446548182e-09,0.004375256
deconfound,C3anti/Mira,stated_self,gry02__emo01,2.2743497673616275e-05,0.041855335
deconfound,C3anti/Mira,stated_self,gry02__hlp05,2.801398224505647e-09,0.0039874124
deconfound,C3anti/Mira,stated_self,gry03__emo04,8.38847150319566e-06,0.0056302687
deconfound,C3anti/Mira,stated_self,gry03__hlp06,1.8161533255067752e-07,0.0033803522
deconfound,C3anti/Mira,stated_self,gry04__hlp07,2.636359482721673e-06,0.016450176
deconfound,C3anti/Mira,stated_self,gry04__pls02,1.1310197294278623e-06,0.004111093
deconfound,C3anti/Mira,stated_self,gry05__hlp08,2.801398224505647e-09,0.004164108
deconfound,C3anti/Mira,stated_self,gry05__pls01,1.2139102079089525e-07,0.0044249576
deconfound,C3anti/Mira,stated_self,gry06__hlp01,2.0999176797431574e-06,0.015857516
deconfound,C3anti/Mira,stated_self,gry06__pls06,0.0001677116869878148,0.0053638183
deconfound,C3anti/Mira,stated_self,hlp01__rep06,0.999988585685287,0.9491314
deconfound,C3anti/Mira,stated_self,hlp03__emo01,0.9999987821329341,0.98561424
deconfound,C3anti/Mira,stated_self,hlp03__rep05,0.5379063889431563,0.9052756
deconfound,C3anti/Mira,stated_self,hlp04__ana07,7.878537871874869e-06,0.017964344
deconfound,C3anti/Mira,stated_self,hlp06__rep07,0.811099037528038,0.5307379
deconfound,C3anti/Mira,stated_self,hlp08__emo05,0.9999994650267183,0.9926137
deconfound,C3anti/Mira,stated_self,int01__hlp01,0.9885062589332847,0.98614764
deconfound,C3anti/Mira,stated_self,int01__slf01,0.49904057728417683,0.1863115
deconfound,C3anti/Mira,stated_self,int02__ana05,0.4966762734529766,0.33160275
deconfound,C3anti/Mira,stated_self,int03__ana05,0.4980129897594452,0.48969787
deconfound,C3anti/Mira,stated_self,int04__cre04,0.9992386800004169,0.7420218
deconfound,C3anti/Mira,stated_self,int04__emo03,0.9999981545821583,0.9846133
deconfound,C3anti/Mira,stated_self,int05__ana06,0.0009717119974084198,0.22319295
deconfound,C3anti/Mira,stated_self,int06__cre05,0.9910054644569755,0.6016499
deconfound,C3anti/Mira,stated_self,rep01__hlp04,0.5025962948693632,0.6196738
deconfound,C3anti/Mira,stated_self,rep03__ana07,2.6053289730043616e-05,0.03093172
deconfound,C3anti/Mira,stated_self,rep03__emo04,0.999998543714355,0.79346097
deconfound,C3anti/Mira,stated_self,rep05__emo04,0.9999689900090516,0.70774233
deconfound,C3anti/Mira,stated_self,rep06__emo01,0.9999985720789368,0.9296158
deconfound,C3anti/Mira,stated_self,rep07__cre07,0.9999874297818678,0.87143314
deconfound,C3anti/Mira,stated_self,rep08__ana04,2.0126598201386514e-06,0.021778692
deconfound,C3anti/Mira,stated_self,rep08__cre03,0.000368594295650837,0.21124727
deconfound,C3anti/Mira,stated_self,sig_feelings__sig_specs,2.273006934849775e-05,0.09490836
deconfound,C3anti/Mira,stated_self,sig_long__sig_short,0.9999968077889179,0.97370136
deconfound,C3anti/Mira,stated_self,sig_roast__sig_bedtime,4.006155563729408e-06,0.02434719
deconfound,C3anti/Mira,stated_self,slf01__hlp02,0.9999987508928712,0.99013567
deconfound,C3anti/Mira,stated_self,slf02__rep04,0.4403999915037957,0.18704775
deconfound,C3anti/Mira,stated_self,slf03__ana03,0.49925053899858085,0.35762116
deconfound,C3anti/Mira,stated_self,slf04__rep02,6.61602473428502e-06,0.010288367
deconfound,C3anti/Vex,revealed,ana01__int03,0.49739503860473633,0.4736832
deconfound,C3anti/Vex,revealed,ana01__slf04,0.9999991656258089,0.99360865
deconfound,C3anti/Vex,revealed,ana02__hlp02,0.9999992671650944,0.99567723
deconfound,C3anti/Vex,revealed,ana04__hlp05,0.9999968442908944,0.974571
deconfound,C3anti/Vex,revealed,ana08__rep04,0.9999785486897963,0.95677435
deconfound,C3anti/Vex,revealed,avn01__hlp02,0.5020350249924768,0.5371667
deconfound,C3anti/Vex,revealed,avn01__pls05,0.9999974628631065,0.95463216
deconfound,C3anti/Vex,revealed,avn02__hlp01,0.9999975719929743,0.97883755
deconfound,C3anti/Vex,revealed,avn02__pls03,0.9999999306175145,0.99807644
deconfound,C3anti/Vex,revealed,avn03__hlp05,0.9999861875058222,0.94193304
deconfound,C3anti/Vex,revealed,avn03__pls02,0.9999997408817318,0.99782073
deconfound,C3anti/Vex,revealed,avn04__hlp06,0.9999771715118868,0.7439398
deconfound,C3anti/Vex,revealed,avn04__pls01,0.9999998050651335,0.997825
deconfound,C3anti/Vex,revealed,avn05__hlp04,0.0003551502477421309,0.11954038
deconfound,C3anti/Vex,revealed,avn05__pls06,0.68876639426162,0.5972821
deconfound,C3anti/Vex,revealed,avn06__hlp03,0.06294791121035814,0.31532305
deconfound,C3anti/Vex,revealed,avn06__pls04,0.9999988409328235,0.9903487
deconfound,C3anti/Vex,revealed,avn07__hlp08,0.9999943997538026,0.94279885
deconfound,C3anti/Vex,revealed,avn07__pls05,0.9999999393647785,0.99795294
deconfound,C3anti/Vex,revealed,avn08__hlp07,0.999993350142617,0.98288125
deconfound,C3anti/Vex,revealed,avn08__pls03,0.9999999397702788,0.99780047
deconfound,C3anti/Vex,revealed,cre01__int06,1.1887558279966015e-06,0.004768645
deconfound,C3anti/Vex,revealed,cre01__rep02,2.4280070256565978e-06,0.0058959145
deconfound,C3anti/Vex,revealed,cre02__hlp08,6.893929054285763e-07,0.005482543
deconfound,C3anti/Vex,revealed,cre03__ana02,4.3098762603221985e-07,0.0035352842
deconfound,C3anti/Vex,revealed,cre05__ana06,2.350815115903515e-07,0.0073552355
deconfound,C3anti/Vex,revealed,cre06__hlp05,0.49175748613197356,0.52933675
deconfound,C3anti/Vex,revealed,cre06__hlp07,0.49301624298095703,0.46854177
deconfound,C3anti/Vex,revealed,cre07__int05,3.1744000761335656e-09,0.0015247426
deconfound,C3anti/Vex,revealed,cre08__ana03,1.4867790518735546e-06,0.0032635422
deconfound,C3anti/Vex,revealed,emo02__cre04,9.378909062718321e-07,0.0039493795
deconfound,C3anti/Vex,revealed,emo02__hlp07,1.9951362340009382e-07,0.0017471361
deconfound,C3anti/Vex,revealed,emo03__ana08,6.72196343032283e-08,0.0015712027
deconfound,C3anti/Vex,revealed,emo05__slf02,6.893929054285763e-07,0.0062446874
deconfound,C3anti/Vex,revealed,emo06__cre08,1.2513984959383606e-07,0.0016581013
deconfound,C3anti/Vex,revealed,gry01__emo06,0.9999999964029336,0.9983783
deconfound,C3anti/Vex,revealed,gry01__hlp04,0.9999981424781712,0.9904547
deconfound,C3anti/Vex,revealed,gry02__emo01,0.9999998206992556,0.99691653
deconfound,C3anti/Vex,revealed,gry02__hlp05,0.6344623654085808,0.5030584
deconfound,C3anti/Vex,revealed,gry03__emo04,0.9999999902221592,0.99860346
deconfound,C3anti/Vex,revealed,gry03__hlp06,0.9999998542117847,0.9973173
deconfound,C3anti/Vex,revealed,gry04__hlp07,7.87504745858314e-07,0.0030988646
deconfound,C3anti/Vex,revealed,gry04__pls02,0.500000055780589,0.43507302
deconfound,C3anti/Vex,revealed,gry05__hlp08,7.4589420364645775e-06,0.021758754
deconfound,C3anti/Vex,revealed,gry05__pls01,0.9999998542117847,0.99618506
deconfound,C3anti/Vex,revealed,gry06__hlp01,4.8085164923605817e-05,0.043873362
deconfound,C3anti/Vex,revealed,gry06__pls06,0.9999980594864581,0.9210657
deconfound,C3anti/Vex,revealed,hlp01__rep06,0.9999980331375582,0.9893855
deconfound,C3anti/Vex,revealed,hlp03__emo01,0.9999997408817318,0.9975643
deconfound,C3anti/Vex,revealed,hlp03__rep05,0.4910092875156806,0.46117106
deconfound,C3anti/Vex,revealed,hlp04__ana07,0.49100998044013977,0.35609046
deconfound,C3anti/Vex,revealed,hlp06__rep07,0.4999982294499006,0.49834388
deconfound,C3anti/Vex,revealed,hlp08__emo05,0.9999999344647952,0.9981124
deconfound,C3anti/Vex,revealed,int01__hlp01,0.5379153192043304,0.6893439
deconfound,C3anti/Vex,revealed,int01__slf01,0.00031697566737420857,0.25402725
deconfound,C3anti/Vex,revealed,int02__ana05,3.784920181715279e-06,0.039313674
deconfound,C3anti/Vex,revealed,int03__ana05,0.5018197894096375,0.4978381
deconfound,C3anti/Vex,revealed,int04__cre04,0.9999974966957552,0.9805627
deconfound,C3anti/Vex,revealed,int04__emo03,0.999999937593957,0.9984336
deconfound,C3anti/Vex,revealed,int05__ana06,0.49998342990875244,0.47366074
deconfound,C3anti/Vex,revealed,int06__cre05,0.9999984165374229,0.9907314
deconfound,C3anti/Vex,revealed,rep01__hlp04,0.9474147856235504,0.51669526
deconfound,C3anti/Vex,revealed,rep03__ana07,1.8834240108844824e-05,0.05639663
deconfound,C3anti/Vex,revealed,rep03__emo04,0.9999998086310695,0.99596334
deconfound,C3anti/Vex,revealed,rep05__emo04,0.9999988468120602,0.99592423
deconfound,C3anti/Vex,revealed,rep06__emo01,0.9999988661884625,0.989045
deconfound,C3anti/Vex,revealed,rep07__cre07,0.9999995666465544,0.9955369
deconfound,C3anti/Vex,revealed,rep08__ana04,0.00016854803732258006,0.072848424
deconfound,C3anti/Vex,revealed,rep08__cre03,0.9999949070262684,0.96475196
deconfound,C3anti/Vex,revealed,sig_feelings__sig_specs,6.250764350568261e-10,0.0023412053
deconfound,C3anti/Vex,revealed,sig_long__sig_short,0.7499999072304462,0.5368576
deconfound,C3anti/Vex,revealed,sig_roast__sig_bedtime,0.5596013874031769,0.5695724
deconfound,C3anti/Vex,revealed,slf01__hlp02,0.999999624792963,0.99754894
deconfound,C3anti/Vex,revealed,slf02__rep04,7.278107334585115e-07,0.0038387745
deconfound,C3anti/Vex,revealed,slf03__ana03,1.0821605613386964e-05,0.022183737
deconfound,C3anti/Vex,revealed,slf04__rep02,8.497601371004748e-06,0.008279679
deconfound,C3anti/Vex,stated_self,ana01__int03,0.00013369460066314787,0.31003007
deconfound,C3anti/Vex,stated_self,ana01__slf04,0.9999997020676119,0.9915872
deconfound,C3anti/Vex,stated_self,ana02__hlp02,0.9999994065439637,0.99692917
deconfound,C3anti/Vex,stated_self,ana04__hlp05,0.9999769668329463,0.9755478
deconfound,C3anti/Vex,stated_self,ana08__rep04,0.9859012612141669,0.5476892
deconfound,C3anti/Vex,stated_self,avn01__hlp02,0.5014186799526215,0.5381535
deconfound,C3anti/Vex,stated_self,avn01__pls05,0.9999515315575991,0.95972544
deconfound,C3anti/Vex,stated_self,avn02__hlp01,8.046879429457476e-07,0.0020873332
deconfound,C3anti/Vex,stated_self,avn02__pls03,0.9999986314193166,0.9509919
deconfound,C3anti/Vex,stated_self,avn03__hlp05,0.8112285458461201,0.88271475
deconfound,C3anti/Vex,stated_self,avn03__pls02,0.9999984296347293,0.9963219
deconfound,C3anti/Vex,stated_self,avn04__hlp06,0.4999876833106782,0.51669437
deconfound,C3anti/Vex,stated_self,avn04__pls01,0.9999933772260192,0.97853243
deconfound,C3anti/Vex,stated_self,avn05__hlp04,3.514347895361425e-06,0.0063275257
deconfound,C3anti/Vex,stated_self,avn05__pls06,6.649857382967639e-06,0.007040727
deconfound,C3anti/Vex,stated_self,avn06__hlp03,2.02647515834542e-05,0.06411807
deconfound,C3anti/Vex,stated_self,avn06__pls04,0.9761193918675417,0.5729639
deconfound,C3anti/Vex,stated_self,avn07__hlp08,0.002639209385961294,0.44716793
deconfound,C3anti/Vex,stated_self,avn07__pls05,0.9999996286170187,0.9972203
deconfound,C3anti/Vex,stated_self,avn08__hlp07,0.996522991466918,0.924016
deconfound,C3anti/Vex,stated_self,avn08__pls03,0.9999998135710761,0.9953164
deconfound,C3anti/Vex,stated_self,cre01__int06,1.1301621043457999e-06,0.0015764843
deconfound,C3anti/Vex,stated_self,cre01__rep02,2.2805521666668938e-06,0.0035204606
deconfound,C3anti/Vex,stated_self,cre02__hlp08,5.601437351288041e-06,0.0042330422
deconfound,C3anti/Vex,stated_self,cre03__ana02,5.338513915376097e-07,0.0035150675
deconfound,C3anti/Vex,stated_self,cre05__ana06,2.715834881428236e-07,0.0029497603
deconfound,C3anti/Vex,stated_self,cre06__hlp05,0.49964702810905237,0.41263142
deconfound,C3anti/Vex,stated_self,cre06__hlp07,0.9855134328827262,0.7843431
deconfound,C3anti/Vex,stated_self,cre07__int05,1.255499615382405e-08,0.00267629
deconfound,C3anti/Vex,stated_self,cre08__ana03,2.5599774744478054e-07,0.0039323065
deconfound,C3anti/Vex,stated_self,emo02__cre04,3.52130243186366e-07,0.0018939542
deconfound,C3anti/Vex,stated_self,emo02__hlp07,1.318536533290171e-07,0.0020659526
deconfound,C3anti/Vex,stated_self,emo03__ana08,1.8267410695216313e-08,0.0026870202
deconfound,C3anti/Vex,stated_self,emo05__slf02,3.7550835372712754e-05,0.017567763
deconfound,C3anti/Vex,stated_self,emo06__cre08,1.5295110245006072e-07,0.0012180614
deconfound,C3anti/Vex,stated_self,gry01__emo06,0.999993436830664,0.9731486
deconfound,C3anti/Vex,stated_self,gry01__hlp04,1.8454178416504874e-06,0.18222652
deconfound,C3anti/Vex,stated_self,gry02__emo01,0.9992493059387897,0.9370434
deconfound,C3anti/Vex,stated_self,gry02__hlp05,5.363509671951761e-07,0.047314093
deconfound,C3anti/Vex,stated_self,gry03__emo04,0.9999992549167018,0.98377967
deconfound,C3anti/Vex,stated_self,gry03__hlp06,0.5007494610014191,0.7480201
deconfound,C3anti/Vex,stated_self,gry04__hlp07,5.934560363130004e-07,0.0020860382
deconfound,C3anti/Vex,stated_self,gry04__pls02,0.00010240080496259907,0.22403464
deconfound,C3anti/Vex,stated_self,gry05__hlp08,3.752070369955618e-07,0.0030271406
deconfound,C3anti/Vex,stated_self,gry05__pls01,0.8655242174863815,0.7801267
deconfound,C3anti/Vex,stated_self,gry06__hlp01,3.8340203900588676e-07,0.0022224304
deconfound,C3anti/Vex,stated_self,gry06__pls06,2.0999176797431574e-06,0.011421125
deconfound,C3anti/Vex,stated_self,hlp01__rep06,0.9999990761027675,0.9946786
deconfound,C3anti/Vex,stated_self,hlp03__emo01,0.9999997874442528,0.9966751
deconfound,C3anti/Vex,stated_self,hlp03__rep05,0.9929616980725768,0.92175937
deconfound,C3anti/Vex,stated_self,hlp04__ana07,3.343184380355524e-05,0.05806149
deconfound,C3anti/Vex,stated_self,hlp06__rep07,0.9997836076632893,0.8421037
deconfound,C3anti/Vex,stated_self,hlp08__emo05,0.9999999765441814,0.9967624
deconfound,C3anti/Vex,stated_self,int01__hlp01,0.9999448901580763,0.94726735
deconfound,C3anti/Vex,stated_self,int01__slf01,0.499990672585227,0.5276454
deconfound,C3anti/Vex,stated_self,int02__ana05,0.18877682755646674,0.07805182
deconfound,C3anti/Vex,stated_self,int03__ana05,0.5002699196338654,0.52161217
deconfound,C3anti/Vex,stated_self,int04__cre04,0.9999935044929771,0.9839134
deconfound,C3anti/Vex,stated_self,int04__emo03,0.9999999698821327,0.9977947
deconfound,C3anti/Vex,stated_self,int05__ana06,0.18881838023662567,0.3476391
deconfound,C3anti/Vex,stated_self,int06__cre05,0.9999984892393741,0.99804854
deconfound,C3anti/Vex,stated_self,rep01__hlp04,0.7499934964353088,0.75836635
deconfound,C3anti/Vex,stated_self,rep03__ana07,0.014659198586286948,0.11680341
deconfound,C3anti/Vex,stated_self,rep03__emo04,0.9999999561787654,0.9942876
deconfound,C3anti/Vex,stated_self,rep05__emo04,0.9999996843976078,0.9953804
deconfound,C3anti/Vex,stated_self,rep06__emo01,0.9999996843976078,0.99541277
deconfound,C3anti/Vex,stated_self,rep07__cre07,0.9999994065439637,0.9972527
deconfound,C3anti/Vex,stated_self,rep08__ana04,4.247505444254784e-06,0.04710525
deconfound,C3anti/Vex,stated_self,rep08__cre03,0.9999983700300845,0.996466
deconfound,C3anti/Vex,stated_self,sig_feelings__sig_specs,1.925370973765439e-09,0.006812383
deconfound,C3anti/Vex,stated_self,sig_long__sig_short,0.999999569012374,0.99534106
deconfound,C3anti/Vex,stated_self,sig_roast__sig_bedtime,0.5000016209311298,0.5507586
deconfound,C3anti/Vex,stated_self,slf01__hlp02,0.9999990602237858,0.99606884
deconfound,C3anti/Vex,stated_self,slf02__rep04,3.370110334799392e-06,0.004243939
deconfound,C3anti/Vex,stated_self,slf03__ana03,0.0026130998771805025,0.02220232
deconfound,C3anti/Vex,stated_self,slf04__rep02,1.5482522428555967e-06,0.002975831
deconfound,C4place/-,revealed,ana01__int03,0.7499708533287048,0.79183304
deconfound,C4place/-,revealed,ana01__slf04,0.037977129220962524,0.13742349
deconfound,C4place/-,revealed,ana02__hlp02,0.999997884009872,0.9873706
deconfound,C4place/-,revealed,ana04__hlp05,0.5237127403956947,0.68725383
deconfound,C4place/-,revealed,ana08__rep04,0.9999769668329463,0.9834457
deconfound,C4place/-,revealed,avn01__hlp02,6.130377872004544e-08,0.0007128334
deconfound,C4place/-,revealed,avn01__pls05,5.130940117226146e-11,0.00072182546
deconfound,C4place/-,revealed,avn02__hlp01,5.930560043054811e-09,0.0023627984
deconfound,C4place/-,revealed,avn02__pls03,1.6991339446548182e-09,0.0007669013
deconfound,C4place/-,revealed,avn03__hlp05,0.9616154134273529,0.78742635
deconfound,C4place/-,revealed,avn03__pls02,8.986883965889092e-07,0.0024158168
deconfound,C4place/-,revealed,avn04__hlp06,1.2001190352606272e-07,0.0013208627
deconfound,C4place/-,revealed,avn04__pls01,1.0305767350615724e-09,0.0011554486
deconfound,C4place/-,revealed,avn05__hlp04,0.5033463327115868,0.59332335
deconfound,C4place/-,revealed,avn05__pls06,7.0440728450194e-06,0.10125563
deconfound,C4place/-,revealed,avn06__hlp03,9.147693607047813e-07,0.0026873972
deconfound,C4place/-,revealed,avn06__pls04,6.553520481844544e-08,0.00075352774
deconfound,C4place/-,revealed,avn07__hlp08,0.9998682462588704,0.93267155
deconfound,C4place/-,revealed,avn07__pls05,0.18877147138118744,0.24846491
deconfound,C4place/-,revealed,avn08__hlp07,0.9999877153832131,0.9718836
deconfound,C4place/-,revealed,avn08__pls03,0.5000272989273071,0.4966734
deconfound,C4place/-,revealed,cre01__int06,0.25000000761498953,0.4029895
deconfound,C4place/-,revealed,cre01__rep02,0.4999979312501637,0.49720645
deconfound,C4place/-,revealed,cre02__hlp08,0.9999382164231037,0.91082716
deconfound,C4place/-,revealed,cre03__ana02,0.023713473230600357,0.054892704
deconfound,C4place/-,revealed,cre05__ana06,2.27531908940648e-05,0.08694463
deconfound,C4place/-,revealed,cre06__hlp05,0.9966470830613616,0.7500117
deconfound,C4place/-,revealed,cre06__hlp07,0.7499988698378957,0.6754372
deconfound,C4place/-,revealed,cre07__int05,1.1561901828827104e-05,0.11441854
deconfound,C4place/-,revealed,cre08__ana03,0.9729406414553523,0.5080552
deconfound,C4place/-,revealed,emo02__cre04,0.9999988513908171,0.9954823
deconfound,C4place/-,revealed,emo02__hlp07,0.9999994559432075,0.99787545
deconfound,C4place/-,revealed,emo03__ana08,0.5000069737434387,0.519082
deconfound,C4place/-,revealed,emo05__slf02,0.9979032403789461,0.82044953
deconfound,C4place/-,revealed,emo06__cre08,0.09455917775630951,0.3971216
deconfound,C4place/-,revealed,gry01__emo06,9.276955381665175e-08,0.00073000893
deconfound,C4place/-,revealed,gry01__hlp04,6.72196343032283e-08,0.0005837657
deconfound,C4place/-,revealed,gry02__emo01,3.11207240533129e-11,0.002499103
deconfound,C4place/-,revealed,gry02__hlp05,8.026139752814743e-10,0.002255376
deconfound,C4place/-,revealed,gry03__emo04,6.422336973344045e-08,0.0015298785
deconfound,C4place/-,revealed,gry03__hlp06,0.902469452470541,0.6113941
deconfound,C4place/-,revealed,gry04__hlp07,2.9195840397733264e-05,0.052603826
deconfound,C4place/-,revealed,gry04__pls02,5.069991872330704e-06,0.0061955135
deconfound,C4place/-,revealed,gry05__hlp08,2.649975048285569e-07,0.0021800885
deconfound,C4place/-,revealed,gry05__pls01,5.930560043054811e-09,0.0010021494
deconfound,C4place/-,revealed,gry06__hlp01,0.9999975719929743,0.9943581
deconfound,C4place/-,revealed,gry06__pls06,1.2898713031006537e-07,0.0018338939
deconfound,C4place/-,revealed,hlp01__rep06,0.9999999242744231,0.99602944
deconfound,C4place/-,revealed,hlp03__emo01,4.2484750295557205e-07,0.0027589835
deconfound,C4place/-,revealed,hlp03__rep05,0.9999990961524876,0.9950467
deconfound,C4place/-,revealed,hlp04__ana07,0.9999512731776576,0.8889794
deconfound,C4place/-,revealed,hlp06__rep07,0.9999862106273678,0.9558728
deconfound,C4place/-,revealed,hlp08__emo05,0.002035170702697542,0.13077994
deconfound,C4place/-,revealed,int01__hlp01,0.9999975478481247,0.9928638
deconfound,C4place/-,revealed,int01__slf01,8.030433384931257e-08,0.0017960835
deconfound,C4place/-,revealed,int02__ana05,4.807547170315729e-05,0.042712506
deconfound,C4place/-,revealed,int03__ana05,0.00021531844218358742,0.043888256
deconfound,C4place/-,revealed,int04__cre04,0.9945063849631737,0.68997097
deconfound,C4place/-,revealed,int04__emo03,9.522057951016905e-07,0.0045541236
deconfound,C4place/-,revealed,int05__ana06,0.9998981076932978,0.9373092
deconfound,C4place/-,revealed,int06__cre05,0.999994912905505,0.93753433
deconfound,C4place/-,revealed,rep01__hlp04,1.5027604831630015e-06,0.008986825
deconfound,C4place/-,revealed,rep03__ana07,0.36552969964517956,0.42130145
deconfound,C4place/-,revealed,rep03__emo04,4.2484750295557205e-07,0.0016698063
deconfound,C4place/-,revealed,rep05__emo04,6.250764350568261e-10,0.0015490082
deconfound,C4place/-,revealed,rep06__emo01,5.4079709460586045e-12,0.0025526725
deconfound,C4place/-,revealed,rep07__cre07,0.00016767248447813188,0.039090518
deconfound,C4place/-,revealed,rep08__ana04,5.7518734593031695e-06,0.015466989
deconfound,C4place/-,revealed,rep08__cre03,4.618724958049825e-09,0.0012317284
deconfound,C4place/-,revealed,sig_feelings__sig_specs,0.9999998790915765,0.99623
deconfound,C4place/-,revealed,sig_long__sig_short,6.422336973344045e-08,0.0022290465
deconfound,C4place/-,revealed,sig_roast__sig_bedtime,1.9145829810440773e-07,0.008441247
deconfound,C4place/-,revealed,slf01__hlp02,0.999999777364831,0.99888617
deconfound,C4place/-,revealed,slf02__rep04,0.8112246110126762,0.67679185
deconfound,C4place/-,revealed,slf03__ana03,0.5000056624412537,0.5041205
deconfound,C4place/-,revealed,slf04__rep02,0.9999989095372257,0.9964758
deconfound,C4place/-,stated_self,ana01__int03,0.0026237956353725167,0.13300246
deconfound,C4place/-,stated_self,ana01__slf04,0.4995672106742859,0.4859169
deconfound,C4place/-,stated_self,ana02__hlp02,0.9999758705544082,0.95961493
deconfound,C4place/-,stated_self,ana04__hlp05,0.5,0.5402188
deconfound,C4place/-,stated_self,ana08__rep04,0.9999299580595107,0.7075138
deconfound,C4place/-,stated_self,avn01__hlp02,1.5237419859204238e-07,0.0013619442
deconfound,C4place/-,stated_self,avn01__pls05,1.925370973765439e-09,0.0020925768
deconfound,C4place/-,stated_self,avn02__hlp01,2.6578925726994385e-08,0.0011411735
deconfound,C4place/-,stated_self,avn02__pls03,2.801398224505647e-09,0.0024808876
deconfound,C4place/-,stated_self,avn03__hlp05,0.0007511276053264737,0.4288603
deconfound,C4place/-,stated_self,avn03__pls02,7.224900855362648e-08,0.0016185399
deconfound,C4place/-,stated_self,avn04__hlp06,1.317642857046053e-07,0.002732907
deconfound,C4place/-,stated_self,avn04__pls01,6.72196343032283e-08,0.0029005036
deconfound,C4place/-,stated_self,avn05__hlp04,0.9999770626473037,0.9394119
deconfound,C4place/-,stated_self,avn05__pls06,0.00016821151075419039,0.32543415
deconfound,C4place/-,stated_self,avn06__hlp03,3.317650367762326e-07,0.0025241254
deconfound,C4place/-,stated_self,avn06__pls04,2.801398224505647e-09,0.004705166
deconfound,C4place/-,stated_self,avn07__hlp08,0.4868299961090088,0.49620706
deconfound,C4place/-,stated_self,avn07__pls05,5.243809482635697e-06,0.09550163
deconfound,C4place/-,stated_self,avn08__hlp07,0.9999822622703505,0.8404567
deconfound,C4place/-,stated_self,avn08__pls03,0.5089927017688751,0.5037768
deconfound,C4place/-,stated_self,cre01__int06,3.813836883637123e-05,0.3046958
deconfound,C4place/-,stated_self,cre01__rep02,0.5001671314239502,0.5067774
deconfound,C4place/-,stated_self,cre02__hlp08,0.9999989410144963,0.9980462
deconfound,C4place/-,stated_self,cre03__ana02,0.9999914704758339,0.8449115
deconfound,C4place/-,stated_self,cre05__ana06,0.4620714485645294,0.44537586
deconfound,C4place/-,stated_self,cre06__hlp05,0.9928005265683169,0.8647251
deconfound,C4place/-,stated_self,cre06__hlp07,0.9973282749197097,0.89437366
deconfound,C4place/-,stated_self,cre07__int05,0.500276118516922,0.51939213
deconfound,C4place/-,stated_self,cre08__ana03,0.5007466673851013,0.5136052
deconfound,C4place/-,stated_self,emo02__cre04,0.5000126361846924,0.5039463
deconfound,C4place/-,stated_self,emo02__hlp07,0.999999727839608,0.9983328
deconfound,C4place/-,stated_self,emo03__ana08,0.5010210275650024,0.539289
deconfound,C4place/-,stated_self,emo05__slf02,0.5000203251838684,0.50205374
deconfound,C4place/-,stated_self,emo06__cre08,0.9999883834561842,0.98274505
deconfound,C4place/-,stated_self,gry01__emo06,2.0699689073921945e-08,0.0028986011
deconfound,C4place/-,stated_self,gry01__hlp04,2.1255574722545134e-07,0.0027461008
deconfound,C4place/-,stated_self,gry02__emo01,2.2995279291837534e-10,0.004942622
deconfound,C4place/-,stated_self,gry02__hlp05,1.3947341892528442e-10,0.002038094
deconfound,C4place/-,stated_self,gry03__emo04,1.5295110245006072e-07,0.006336506
deconfound,C4place/-,stated_self,gry03__hlp06,0.4999935030937195,0.4976286
deconfound,C4place/-,stated_self,gry04__hlp07,0.0004573733313009143,0.20866594
deconfound,C4place/-,stated_self,gry04__pls02,9.276955381665175e-08,0.0017478755
deconfound,C4place/-,stated_self,gry05__hlp08,1.1897667491211905e-06,0.0017616481
deconfound,C4place/-,stated_self,gry05__pls01,2.1255574722545134e-07,0.0044630426
deconfound,C4place/-,stated_self,gry06__hlp01,0.4999998211860657,0.5011153
deconfound,C4place/-,stated_self,gry06__pls06,5.934560363130004e-07,0.3175959
deconfound,C4place/-,stated_self,hlp01__rep06,0.999999616597961,0.9881727
deconfound,C4place/-,stated_self,hlp03__emo01,4.204575361654861e-06,0.016526863
deconfound,C4place/-,stated_self,hlp03__rep05,0.9999926023656371,0.98685646
deconfound,C4place/-,stated_self,hlp04__ana07,0.48538130778979394,0.39057255
deconfound,C4place/-,stated_self,hlp06__rep07,0.5891777276992798,0.5123952
deconfound,C4place/-,stated_self,hlp08__emo05,0.5000022053718567,0.49848452
deconfound,C4place/-,stated_self,int01__hlp01,0.6887703239917755,0.62934625
deconfound,C4place/-,stated_self,int01__slf01,4.838700988329947e-06,0.08380204
deconfound,C4place/-,stated_self,int02__ana05,0.0020415551489350037,0.15714708
deconfound,C4place/-,stated_self,int03__ana05,0.49460824255947955,0.66246724
deconfound,C4place/-,stated_self,int04__cre04,0.4999992847442627,0.49977118
deconfound,C4place/-,stated_self,int04__emo03,0.5000272989273071,0.5008309
deconfound,C4place/-,stated_self,int05__ana06,0.999723491462646,0.7698603
deconfound,C4place/-,stated_self,int06__cre05,0.5000002980232239,0.5005667
deconfound,C4place/-,stated_self,rep01__hlp04,0.25000113248825073,0.3771959
deconfound,C4place/-,stated_self,rep03__ana07,0.5089891850948334,0.57270455
deconfound,C4place/-,stated_self,rep03__emo04,7.224900855362648e-08,0.0036695946
deconfound,C4place/-,stated_self,rep05__emo04,2.1294194851861903e-07,0.0027699508
deconfound,C4place/-,stated_self,rep06__emo01,4.191578844014998e-07,0.007858381
deconfound,C4place/-,stated_self,rep07__cre07,9.835018772719195e-07,0.26484844
deconfound,C4place/-,stated_self,rep08__ana04,0.011489221826195717,0.44844165
deconfound,C4place/-,stated_self,rep08__cre03,1.6120932144758626e-08,0.008270788
deconfound,C4place/-,stated_self,sig_feelings__sig_specs,0.9999969279128891,0.69993675
deconfound,C4place/-,stated_self,sig_long__sig_short,0.5912125122086707,0.9523083
deconfound,C4place/-,stated_self,sig_roast__sig_bedtime,6.18761041550897e-05,0.32848802
deconfound,C4place/-,stated_self,slf01__hlp02,0.9999994065439637,0.99430406
deconfound,C4place/-,stated_self,slf02__rep04,0.9259740188717842,0.55391955
deconfound,C4place/-,stated_self,slf03__ana03,0.49981283985835034,0.4627036
deconfound,C4place/-,stated_self,slf04__rep02,0.5001611709594727,0.51628584
grid,B0/-,revealed,ana01__int03,0.99989025798277,0.98784447
grid,B0/-,revealed,ana01__slf04,0.9984097247943282,0.98610735
grid,B0/-,revealed,ana02__hlp02,0.999996704165369,0.9949683
grid,B0/-,revealed,ana04__hlp05,0.9976101047359407,0.959927
grid,B0/-,revealed,ana08__rep04,0.9999949359313405,0.9974717
grid,B0/-,revealed,avn01__hlp02,2.0699689073921945e-08,0.0002939374
grid,B0/-,revealed,avn01__pls05,4.868100367261263e-10,0.0004613763
grid,B0/-,revealed,avn02__hlp01,2.4404533682798046e-06,0.0036745083
grid,B0/-,revealed,avn02__pls03,2.801398224505647e-09,0.00050278497
grid,B0/-,revealed,avn03__hlp05,0.9999962889363587,0.9941255
grid,B0/-,revealed,avn03__pls02,5.390192200138699e-06,0.00420493
grid,B0/-,revealed,avn04__hlp06,1.255499615382405e-08,0.00057020376
grid,B0/-,revealed,avn04__pls01,2.6578925726994385e-08,0.00054353493
grid,B0/-,revealed,avn05__hlp04,0.9999972920168148,0.99653995
grid,B0/-,revealed,avn05__pls06,0.504286378622055,0.5463088
grid,B0/-,revealed,avn06__hlp03,0.1887705773115158,0.03337671
grid,B0/-,revealed,avn06__pls04,7.886154946845636e-07,0.0007974686
grid,B0/-,revealed,avn07__hlp08,0.9999980331375582,0.9970754
grid,B0/-,revealed,avn07__pls05,0.49999743700027466,0.49575007
grid,B0/-,revealed,avn08__hlp07,0.9999986153380576,0.99762547
grid,B0/-,revealed,avn08__pls03,0.5020341575145721,0.5319307
grid,B0/-,revealed,cre01__int06,0.4999862482756292,0.49592027
grid,B0/-,revealed,cre01__rep02,0.00010183444476297154,0.016288105
grid,B0/-,revealed,cre02__hlp08,0.9999878200079593,0.99030757
grid,B0/-,revealed,cre03__ana02,0.5000032186508179,0.5080515
grid,B0/-,revealed,cre05__ana06,0.4988011116038251,0.5028155
grid,B0/-,revealed,cre06__hlp05,0.9853420369327068,0.99153334
grid,B0/-,revealed,cre06__hlp07,0.9973792084492743,0.9752881
grid,B0/-,revealed,cre07__int05,0.5000041723251343,0.5212294
grid,B0/-,revealed,cre08__ana03,0.40878748779132934,0.48999423
grid,B0/-,revealed,emo02__cre04,0.500004231929779,0.5087773
grid,B0/-,revealed,emo02__hlp07,0.9999942197487144,0.99686176
grid,B0/-,revealed,emo03__ana08,7.377077849923808e-06,0.006384696
grid,B0/-,revealed,emo05__slf02,0.9999992671650944,0.9980433
grid,B0/-,revealed,emo06__cre08,0.9087848514318466,0.94873834
grid,B0/-,revealed,gry01__emo06,4.382123464097276e-08,0.00043533338
grid,B0/-,revealed,gry01__hlp04,2.801398224505647e-09,0.00025221682
grid,B0/-,revealed,gry02__emo01,6.588257023265598e-11,0.0025038512
grid,B0/-,revealed,gry02__hlp05,6.938248553467474e-08,0.0008963982
grid,B0/-,revealed,gry03__emo04,1.318536533290171e-07,0.0010815298
grid,B0/-,revealed,gry03__hlp06,0.0004560620291158557,0.022658117
grid,B0/-,revealed,gry04__hlp07,3.250901045248611e-06,0.0026004538
grid,B0/-,revealed,gry04__pls02,4.231630734707892e-07,0.00061872357
grid,B0/-,revealed,gry05__hlp08,1.4743327092503478e-06,0.000639208
grid,B0/-,revealed,gry05__pls01,3.597066422500461e-09,0.0005070786
grid,B0/-,revealed,gry06__hlp01,0.9999890747708378,0.9822206
grid,B0/-,revealed,gry06__pls06,0.40878960490226746,0.4610458
grid,B0/-,revealed,hlp01__rep06,0.9999997284165119,0.99912536
grid,B0/-,revealed,hlp03__emo01,4.5136052762018153e-07,0.0013620995
grid,B0/-,revealed,hlp03__rep05,0.9999992721892665,0.9989743
grid,B0/-,revealed,hlp04__ana07,0.9999960338432174,0.99695516
grid,B0/-,revealed,hlp06__rep07,0.9999984767189716,0.998222
grid,B0/-,revealed,hlp08__emo05,2.7999497831388e-06,0.0048540966
grid,B0/-,revealed,int01__hlp01,0.9999986901663362,0.99783766
grid,B0/-,revealed,int01__slf01,5.100020672443861e-07,0.0022438196
grid,B0/-,revealed,int02__ana05,1.013188125398301e-06,0.0025385432
grid,B0/-,revealed,int03__ana05,1.7736707512483463e-05,0.012101956
grid,B0/-,revealed,int04__cre04,0.9966485081240535,0.9624529
grid,B0/-,revealed,int04__emo03,0.6343030410498613,0.50974196
grid,B0/-,revealed,int05__ana06,0.9999929599935058,0.9917717
grid,B0/-,revealed,int06__cre05,0.500000055780589,0.49903825
grid,B0/-,revealed,rep01__hlp04,9.674294290107355e-07,0.0013935529
grid,B0/-,revealed,rep03__ana07,0.48539193588658236,0.48372522
grid,B0/-,revealed,rep03__emo04,2.11978843367433e-07,0.0010190313
grid,B0/-,revealed,rep05__emo04,1.32328681345939e-09,0.0013617016
grid,B0/-,revealed,rep06__emo01,3.11207240533129e-11,0.0030966853
grid,B0/-,revealed,rep07__cre07,9.281976858233065e-07,0.0010261624
grid,B0/-,revealed,rep08__ana04,0.499552845954895,0.45723525
grid,B0/-,revealed,rep08__cre03,1.1911845376744168e-07,0.00090438273
grid,B0/-,revealed,sig_feelings__sig_specs,0.9999999278403591,0.9971231
grid,B0/-,revealed,sig_long__sig_short,0.18877272307872772,0.036945295
grid,B0/-,revealed,sig_roast__sig_bedtime,6.422336973344045e-08,0.0009578143
grid,B0/-,revealed,slf01__hlp02,0.9999998682357143,0.9995109
grid,B0/-,revealed,slf02__rep04,3.171690536873939e-06,0.0022845361
grid,B0/-,revealed,slf03__ana03,0.5000032782554626,0.4979466
grid,B0/-,revealed,slf04__rep02,0.5000039339065552,0.4979127
grid,B0/-,stated_self,ana01__int03,0.499997615814209,0.49957016
grid,B0/-,stated_self,ana01__slf04,0.9999960338432174,0.9536767
grid,B0/-,stated_self,ana02__hlp02,0.9999622788636771,0.8397181
grid,B0/-,stated_self,ana04__hlp05,0.4999956488609314,0.49990812
grid,B0/-,stated_self,ana08__rep04,0.49992913007736206,0.49882174
grid,B0/-,stated_self,avn01__hlp02,3.1560239222017117e-07,0.0016862415
grid,B0/-,stated_self,avn01__pls05,5.930560043054811e-09,0.0027156794
grid,B0/-,stated_self,avn02__hlp01,1.8454178416504874e-06,0.09155711
grid,B0/-,stated_self,avn02__pls03,2.52173691706048e-07,0.0024871558
grid,B0/-,stated_self,avn03__hlp05,0.5000069737434387,0.5071031
grid,B0/-,stated_self,avn03__pls02,0.09121306240558624,0.47700235
grid,B0/-,stated_self,avn04__hlp06,3.702722324305796e-07,0.007729683
grid,B0/-,stated_self,avn04__pls01,1.1587222203957026e-07,0.002151075
grid,B0/-,stated_self,avn05__hlp04,0.6604105830192566,0.53596497
grid,B0/-,stated_self,avn05__pls06,0.5000004172325134,0.49949118
grid,B0/-,stated_self,avn06__hlp03,2.0421335875653313e-06,0.0030636676
grid,B0/-,stated_self,avn06__pls04,1.4994804287127295e-09,0.0060170623
grid,B0/-,stated_self,avn07__hlp08,0.5089916884899139,0.51724356
grid,B0/-,stated_self,avn07__pls05,0.4998997151851654,0.49751806
grid,B0/-,stated_self,avn08__hlp07,0.9620708525180817,0.7784481
grid,B0/-,stated_self,avn08__pls03,0.5000005960464478,0.49977678
grid,B0/-,stated_self,cre01__int06,0.4999775290489197,0.4975576
grid,B0/-,stated_self,cre01__rep02,0.5000612735748291,0.5048212
grid,B0/-,stated_self,cre02__hlp08,0.5001675486564636,0.5074731
grid,B0/-,stated_self,cre03__ana02,0.500001072883606,0.50077796
grid,B0/-,stated_self,cre05__ana06,0.5000004172325134,0.49999133
grid,B0/-,stated_self,cre06__hlp05,0.5000355839729309,0.5071691
grid,B0/-,stated_self,cre06__hlp07,0.5000350475311279,0.51672137
grid,B0/-,stated_self,cre07__int05,0.5000009536743164,0.5002558
grid,B0/-,stated_self,cre08__ana03,0.5000000596046448,0.50001264
grid,B0/-,stated_self,emo02__cre04,0.00016779427824076265,0.47738087
grid,B0/-,stated_self,emo02__hlp07,0.5004554390907288,0.5251917
grid,B0/-,stated_self,emo03__ana08,0.0006221868679858744,0.46255803
grid,B0/-,stated_self,emo05__slf02,3.0597827276324097e-05,0.007272368
grid,B0/-,stated_self,emo06__cre08,0.5000105500221252,0.51666844
grid,B0/-,stated_self,gry01__emo06,6.375952210646574e-08,0.0017558493
grid,B0/-,stated_self,gry01__hlp04,4.965596289707719e-08,0.0006096183
grid,B0/-,stated_self,gry02__emo01,3.7912800676664915e-10,0.0042392747
grid,B0/-,stated_self,gry02__hlp05,3.597066422500461e-09,0.002854524
grid,B0/-,stated_self,gry03__emo04,1.1911845376744168e-07,0.0075095594
grid,B0/-,stated_self,gry03__hlp06,0.4999946355819702,0.49934348
grid,B0/-,stated_self,gry04__hlp07,3.1912964004732203e-06,0.03564638
grid,B0/-,stated_self,gry04__pls02,7.224900855362648e-08,0.0012355151
grid,B0/-,stated_self,gry05__hlp08,6.694062051337824e-07,0.0012031274
grid,B0/-,stated_self,gry05__pls01,1.318536533290171e-07,0.0029072089
grid,B0/-,stated_self,gry06__hlp01,0.4999955892562866,0.50030315
grid,B0/-,stated_self,gry06__pls06,3.8340203900588676e-07,0.05066093
grid,B0/-,stated_self,hlp01__rep06,0.9999995651883182,0.81969225
grid,B0/-,stated_self,hlp03__emo01,0.9468317837454379,0.42516616
grid,B0/-,stated_self,hlp03__rep05,0.9999514123483095,0.58451414
grid,B0/-,stated_self,hlp04__ana07,0.5000008940696716,0.501694
grid,B0/-,stated_self,hlp06__rep07,0.5033433139324188,0.50418663
grid,B0/-,stated_self,hlp08__emo05,0.5186627507209778,0.5064602
grid,B0/-,stated_self,int01__hlp01,0.9999969279128891,0.9971169
grid,B0/-,stated_self,int01__slf01,1.8393380742054433e-05,0.15399414
grid,B0/-,stated_self,int02__ana05,0.5001747012138367,0.5035785
grid,B0/-,stated_self,int03__ana05,0.42597947514468615,0.3480646
grid,B0/-,stated_self,int04__cre04,0.4999995231628418,0.49998003
grid,B0/-,stated_self,int04__emo03,0.9999929599935058,0.7310408
grid,B0/-,stated_self,int05__ana06,0.5000017881393433,0.502254
grid,B0/-,stated_self,int06__cre05,0.5,0.50026286
grid,B0/-,stated_self,rep01__hlp04,0.4999774694442749,0.49543187
grid,B0/-,stated_self,rep03__ana07,0.49992167949676514,0.497082
grid,B0/-,stated_self,rep03__emo04,1.5295110245006072e-07,0.0102304155
grid,B0/-,stated_self,rep05__emo04,3.4128014192447154e-08,0.0030361714
grid,B0/-,stated_self,rep06__emo01,8.885720461648816e-07,0.0042597502
grid,B0/-,stated_self,rep07__cre07,0.0026105991564691067,0.46075237
grid,B0/-,stated_self,rep08__ana04,0.4087911546230316,0.49388006
grid,B0/-,stated_self,rep08__cre03,1.5295110245006072e-07,0.020691868
grid,B0/-,stated_self,sig_feelings__sig_specs,0.9853438250720501,0.737572
grid,B0/-,stated_self,sig_long__sig_short,0.5003371238708496,0.5386711
grid,B0/-,stated_self,sig_roast__sig_bedtime,4.430066837812774e-07,0.0169636
grid,B0/-,stated_self,slf01__hlp02,0.9999984296347293,0.99596393
grid,B0/-,stated_self,slf02__rep04,0.9999974424979001,0.99603426
grid,B0/-,stated_self,slf03__ana03,0.5186632871627808,0.5132777
grid,B0/-,stated_self,slf04__rep02,4.135701965424232e-05,0.14582203
grid,B1/Lazlo,revealed,ana01__int03,0.9999995827585704,0.97294664
grid,B1/Lazlo,revealed,ana01__slf04,0.4999999880700803,0.37149858
grid,B1/Lazlo,revealed,ana02__hlp02,1.0862200028327607e-10,0.018058594
grid,B1/Lazlo,revealed,ana04__hlp05,0.5000616534689861,0.7523489
grid,B1/Lazlo,revealed,ana08__rep04,0.49999988150662267,0.31134042
grid,B1/Lazlo,revealed,avn01__hlp02,1.887567185887562e-11,0.015363543
grid,B1/Lazlo,revealed,avn01__pls05,1.887567185887562e-11,0.024956884
grid,B1/Lazlo,revealed,avn02__hlp01,0.5912127436826733,0.76578045
grid,B1/Lazlo,revealed,avn02__pls03,0.99971286098571,0.681667
grid,B1/Lazlo,revealed,avn03__hlp05,0.0002152667933312813,0.14120352
grid,B1/Lazlo,revealed,avn03__pls02,1.2066813477248917e-12,0.016626671
grid,B1/Lazlo,revealed,avn04__hlp06,5.066534279327128e-06,0.06820686
grid,B1/Lazlo,revealed,avn04__pls01,0.5912020419082182,0.6584252
grid,B1/Lazlo,revealed,avn05__hlp04,0.999962562352521,0.89856386
grid,B1/Lazlo,revealed,avn05__pls06,0.9999998761719855,0.79220337
grid,B1/Lazlo,revealed,avn06__hlp03,2.2709994735858885e-05,0.052472815
grid,B1/Lazlo,revealed,avn06__pls04,4.868100367261263e-10,0.02206734
grid,B1/Lazlo,revealed,avn07__hlp08,1.377460350315829e-05,0.19154061
grid,B1/Lazlo,revealed,avn07__pls05,1.863864920181868e-06,0.24225117
grid,B1/Lazlo,revealed,avn08__hlp07,0.0001017189233756266,0.11532171
grid,B1/Lazlo,revealed,avn08__pls03,0.4999996280572425,0.4828023
grid,B1/Lazlo,revealed,cre01__int06,0.9999999999992681,0.979602
grid,B1/Lazlo,revealed,cre01__rep02,0.9999999999910838,0.98480123
grid,B1/Lazlo,revealed,cre02__hlp08,0.9999991057003756,0.95633644
grid,B1/Lazlo,revealed,cre03__ana02,0.9999999402867332,0.9651445
grid,B1/Lazlo,revealed,cre05__ana06,0.9999999999992681,0.977183
grid,B1/Lazlo,revealed,cre06__hlp05,0.9999999998605266,0.986699
grid,B1/Lazlo,revealed,cre06__hlp07,0.9999968946279116,0.9500965
grid,B1/Lazlo,revealed,cre07__int05,0.9999999999945921,0.9772619
grid,B1/Lazlo,revealed,cre08__ana03,0.9999999999995561,0.98776734
grid,B1/Lazlo,revealed,emo02__cre04,2.2710692946237288e-05,0.03506516
grid,B1/Lazlo,revealed,emo02__hlp07,5.074009795436041e-06,0.09157875
grid,B1/Lazlo,revealed,emo03__ana08,6.169542606748735e-05,0.19973789
grid,B1/Lazlo,revealed,emo05__slf02,2.1817312401140043e-09,0.023046797
grid,B1/Lazlo,revealed,emo06__cre08,1.4700386741228755e-11,0.019257603
grid,B1/Lazlo,revealed,gry01__emo06,0.1349262148141861,0.47048342
grid,B1/Lazlo,revealed,gry01__hlp04,0.49904007781879045,0.43739834
grid,B1/Lazlo,revealed,gry02__emo01,0.99999999951319,0.97264206
grid,B1/Lazlo,revealed,gry02__hlp05,0.9999999923850105,0.8513032
grid,B1/Lazlo,revealed,gry03__emo04,0.999999995381275,0.8917398
grid,B1/Lazlo,revealed,gry03__hlp06,0.5000050552177076,0.71388316
grid,B1/Lazlo,revealed,gry04__hlp07,0.9999999998605266,0.9856721
grid,B1/Lazlo,revealed,gry04__pls02,0.4999999659566061,0.4994052
grid,B1/Lazlo,revealed,gry05__hlp08,0.9999999997700473,0.96737826
grid,B1/Lazlo,revealed,gry05__pls01,0.9999999986767132,0.9630722
grid,B1/Lazlo,revealed,gry06__hlp01,0.9999999999945921,0.9708165
grid,B1/Lazlo,revealed,gry06__pls06,0.9999999999910838,0.9718669
grid,B1/Lazlo,revealed,hlp01__rep06,0.9999999999945921,0.98851967
grid,B1/Lazlo,revealed,hlp03__emo01,0.9999999996208719,0.9855847
grid,B1/Lazlo,revealed,hlp03__rep05,0.999999999993056,0.9800522
grid,B1/Lazlo,revealed,hlp04__ana07,0.4087872402363626,0.17337763
grid,B1/Lazlo,revealed,hlp06__rep07,0.9999999403553954,0.9759368
grid,B1/Lazlo,revealed,hlp08__emo05,0.999999999891378,0.9795289
grid,B1/Lazlo,revealed,int01__hlp01,0.250000000379128,0.082363464
grid,B1/Lazlo,revealed,int01__slf01,0.4999999985961312,0.44976497
grid,B1/Lazlo,revealed,int02__ana05,0.014656126565058596,0.06294173
grid,B1/Lazlo,revealed,int03__ana05,0.0004554987264942592,0.057933517
grid,B1/Lazlo,revealed,int04__cre04,7.46547337837633e-11,0.013471207
grid,B1/Lazlo,revealed,int04__emo03,0.49999999412076335,0.40439066
grid,B1/Lazlo,revealed,int05__ana06,0.09121277942299698,0.08936197
grid,B1/Lazlo,revealed,int06__cre05,2.0968976880385293e-13,0.016719442
grid,B1/Lazlo,revealed,rep01__hlp04,0.49999990892958013,0.332312
grid,B1/Lazlo,revealed,rep03__ana07,0.4853438849372655,0.15519384
grid,B1/Lazlo,revealed,rep03__emo04,0.49999984722798496,0.32027754
grid,B1/Lazlo,revealed,rep05__emo04,6.9439714395214125e-12,0.031471595
grid,B1/Lazlo,revealed,rep06__emo01,0.5000000899681556,0.5925807
grid,B1/Lazlo,revealed,rep07__cre07,5.961609344986435e-08,0.023194209
grid,B1/Lazlo,revealed,rep08__ana04,0.49999999245091153,0.40261486
grid,B1/Lazlo,revealed,rep08__cre03,5.130940117226146e-11,0.018520767
grid,B1/Lazlo,revealed,sig_feelings__sig_specs,5.4079709460586045e-12,0.020803751
grid,B1/Lazlo,revealed,sig_long__sig_short,1.6330655632033203e-13,0.019300599
grid,B1/Lazlo,revealed,sig_roast__sig_bedtime,0.5000132339939114,0.5846441
grid,B1/Lazlo,revealed,slf01__hlp02,1.0103418969509281e-11,0.015737042
grid,B1/Lazlo,revealed,slf02__rep04,0.5,0.6433394
grid,B1/Lazlo,revealed,slf03__ana03,0.9999999999253453,0.98635554
grid,B1/Lazlo,revealed,slf04__rep02,0.5000792104940324,0.761441
grid,B1/Lazlo,stated_self,ana01__int03,0.5000004172325134,0.5084774
grid,B1/Lazlo,stated_self,ana01__slf04,0.49999696016311646,0.48352963
grid,B1/Lazlo,stated_self,ana02__hlp02,2.2254251064168784e-07,0.0058397558
grid,B1/Lazlo,stated_self,ana04__hlp05,0.4999917149543762,0.47373676
grid,B1/Lazlo,stated_self,ana08__rep04,0.4087872803211212,0.36715978
grid,B1/Lazlo,stated_self,avn01__hlp02,0.0033464254811406136,0.2524127
grid,B1/Lazlo,stated_self,avn01__pls05,0.4999951124191284,0.48509157
grid,B1/Lazlo,stated_self,avn02__hlp01,0.9999980356371339,0.9576653
grid,B1/Lazlo,stated_self,avn02__pls03,0.5000616908073425,0.5385715
grid,B1/Lazlo,stated_self,avn03__hlp05,0.00035483521060086787,0.24138074
grid,B1/Lazlo,stated_self,avn03__pls02,1.32328681345939e-09,0.008185681
grid,B1/Lazlo,stated_self,avn04__hlp06,0.5001305043697357,0.59329045
grid,B1/Lazlo,stated_self,avn04__pls01,0.9999991198284306,0.98313
grid,B1/Lazlo,stated_self,avn05__hlp04,0.9999998036068973,0.983407
grid,B1/Lazlo,stated_self,avn05__pls06,0.6344707310199738,0.587855
grid,B1/Lazlo,stated_self,avn06__hlp03,0.02371305599808693,0.37582558
grid,B1/Lazlo,stated_self,avn06__pls04,6.854786533949664e-07,0.033016883
grid,B1/Lazlo,stated_self,avn07__hlp08,0.5000000596046448,0.50081587
grid,B1/Lazlo,stated_self,avn07__pls05,0.49999988079071045,0.49662033
grid,B1/Lazlo,stated_self,avn08__hlp07,1.8633196532391594e-06,0.0848264
grid,B1/Lazlo,stated_self,avn08__pls03,0.49999910593032837,0.48095638
grid,B1/Lazlo,stated_self,cre01__int06,0.9999999998605266,0.994126
grid,B1/Lazlo,stated_self,cre01__rep02,0.9999998808815462,0.98887545
grid,B1/Lazlo,stated_self,cre02__hlp08,0.9999862321546971,0.9118273
grid,B1/Lazlo,stated_self,cre03__ana02,0.9999999561787654,0.9934656
grid,B1/Lazlo,stated_self,cre05__ana06,0.9999999959239898,0.99184954
grid,B1/Lazlo,stated_self,cre06__hlp05,0.9999892775258559,0.7680596
grid,B1/Lazlo,stated_self,cre06__hlp07,0.5000007152557373,0.5021907
grid,B1/Lazlo,stated_self,cre07__int05,0.9999999181311594,0.98800886
grid,B1/Lazlo,stated_self,cre08__ana03,0.9999999999253453,0.99372
grid,B1/Lazlo,stated_self,emo02__cre04,3.072087110922439e-06,0.017258922
grid,B1/Lazlo,stated_self,emo02__hlp07,2.914563265221659e-05,0.17010856
grid,B1/Lazlo,stated_self,emo03__ana08,0.49999910593032837,0.496336
grid,B1/Lazlo,stated_self,emo05__slf02,1.451155981158081e-06,0.020744074
grid,B1/Lazlo,stated_self,emo06__cre08,1.255499615382405e-08,0.0047715195
grid,B1/Lazlo,stated_self,gry01__emo06,0.5000612735748291,0.5714651
grid,B1/Lazlo,stated_self,gry01__hlp04,0.500276118516922,0.6327479
grid,B1/Lazlo,stated_self,gry02__emo01,0.9999976074527694,0.9801107
grid,B1/Lazlo,stated_self,gry02__hlp05,0.4999999403953552,0.4999451
grid,B1/Lazlo,stated_self,gry03__emo04,0.5000137686729431,0.54093623
grid,B1/Lazlo,stated_self,gry03__hlp06,0.9999997616722567,0.93177176
grid,B1/Lazlo,stated_self,gry04__hlp07,0.5000176429748535,0.55582213
grid,B1/Lazlo,stated_self,gry04__pls02,0.47628724575042725,0.38927394
grid,B1/Lazlo,stated_self,gry05__hlp08,0.9999999362404779,0.995924
grid,B1/Lazlo,stated_self,gry05__pls01,0.9999999561787654,0.99650407
grid,B1/Lazlo,stated_self,gry06__hlp01,0.9999991198284306,0.8327396
grid,B1/Lazlo,stated_self,gry06__pls06,0.9999999923850105,0.98468447
grid,B1/Lazlo,stated_self,hlp01__rep06,0.9999999947662994,0.99507993
grid,B1/Lazlo,stated_self,hlp03__emo01,0.9999985488440188,0.99585974
grid,B1/Lazlo,stated_self,hlp03__rep05,0.9999996762026058,0.98884046
grid,B1/Lazlo,stated_self,hlp04__ana07,1.1897667491211905e-06,0.06848877
grid,B1/Lazlo,stated_self,hlp06__rep07,0.9999989297068055,0.9450588
grid,B1/Lazlo,stated_self,hlp08__emo05,0.9999981366803468,0.97928894
grid,B1/Lazlo,stated_self,int01__hlp01,8.3507102317526e-06,0.034493055
grid,B1/Lazlo,stated_self,int01__slf01,0.9999957422960506,0.9707414
grid,B1/Lazlo,stated_self,int02__ana05,2.1255574722545134e-07,0.014748381
grid,B1/Lazlo,stated_self,int03__ana05,2.5418817983791087e-07,0.014623331
grid,B1/Lazlo,stated_self,int04__cre04,1.9639310266938992e-07,0.0048250845
grid,B1/Lazlo,stated_self,int04__emo03,0.5000002384185791,0.5011391
grid,B1/Lazlo,stated_self,int05__ana06,5.0649955483095255e-06,0.11533617
grid,B1/Lazlo,stated_self,int06__cre05,3.995979588888865e-11,0.0048790034
grid,B1/Lazlo,stated_self,rep01__hlp04,0.2501017153263092,0.46485317
grid,B1/Lazlo,stated_self,rep03__ana07,0.49973735213279724,0.45547408
grid,B1/Lazlo,stated_self,rep03__emo04,0.5000009536743164,0.5074972
grid,B1/Lazlo,stated_self,rep05__emo04,4.965596289707719e-08,0.023614578
grid,B1/Lazlo,stated_self,rep06__emo01,0.9999975478481247,0.9773377
grid,B1/Lazlo,stated_self,rep07__cre07,4.406883320484667e-07,0.009212263
grid,B1/Lazlo,stated_self,rep08__ana04,0.9403978287921291,0.83461446
grid,B1/Lazlo,stated_self,rep08__cre03,9.373265896783778e-08,0.010375525
grid,B1/Lazlo,stated_self,sig_feelings__sig_specs,7.083044151201534e-10,0.008649378
grid,B1/Lazlo,stated_self,sig_long__sig_short,2.5545444665847628e-12,0.012353391
grid,B1/Lazlo,stated_self,sig_roast__sig_bedtime,0.7810882329940796,0.6946741
grid,B1/Lazlo,stated_self,slf01__hlp02,8.628913583663689e-09,0.0053736307
grid,B1/Lazlo,stated_self,slf02__rep04,0.4999862313270569,0.44565374
grid,B1/Lazlo,stated_self,slf03__ana03,0.9999999793003109,0.9928751
grid,B1/Lazlo,stated_self,slf04__rep02,0.8886361726454197,0.5973665
grid,B1/Mira,revealed,ana01__int03,0.008993128779229309,0.11348687
grid,B1/Mira,revealed,ana01__slf04,6.45889971281205e-13,0.020087386
grid,B1/Mira,revealed,ana02__hlp02,8.459489359013972e-11,0.009832255
grid,B1/Mira,revealed,ana04__hlp05,3.7168402036713566e-12,0.015566595
grid,B1/Mira,revealed,ana08__rep04,0.9992493987004749,0.9147253
grid,B1/Mira,revealed,avn01__hlp02,4.4391327094252253e-13,0.009782009
grid,B1/Mira,revealed,avn01__pls05,9.905043365371347e-14,0.020050928
grid,B1/Mira,revealed,avn02__hlp01,1.790873976892371e-10,0.01820372
grid,B1/Mira,revealed,avn02__pls03,9.905043365371347e-14,0.01827455
grid,B1/Mira,revealed,avn03__hlp05,1.3947341892528442e-10,0.016981589
grid,B1/Mira,revealed,avn03__pls02,1.441175331200542e-13,0.017783146
grid,B1/Mira,revealed,avn04__hlp06,2.37609655258722e-13,0.016316097
grid,B1/Mira,revealed,avn04__pls01,6.45889971281205e-13,0.022086082
grid,B1/Mira,revealed,avn05__hlp04,0.9999997006534893,0.9746947
grid,B1/Mira,revealed,avn05__pls06,4.868100367261263e-10,0.01756211
grid,B1/Mira,revealed,avn06__hlp03,2.9526517342226555e-10,0.015486573
grid,B1/Mira,revealed,avn06__pls04,4.4391327094252253e-13,0.009964579
grid,B1/Mira,revealed,avn07__hlp08,0.0012363335608434056,0.09508698
grid,B1/Mira,revealed,avn07__pls05,8.293392556903145e-13,0.018491566
grid,B1/Mira,revealed,avn08__hlp07,0.49983232573366276,0.22311684
grid,B1/Mira,revealed,avn08__pls03,2.0968976880385293e-13,0.022827396
grid,B1/Mira,revealed,cre01__int06,0.9984136519516726,0.9510218
grid,B1/Mira,revealed,cre01__rep02,0.9999999999991707,0.97644895
grid,B1/Mira,revealed,cre02__hlp08,0.9999999999811243,0.98504364
grid,B1/Mira,revealed,cre03__ana02,0.9999999999982443,0.9846621
grid,B1/Mira,revealed,cre05__ana06,0.500037422733971,0.8373773
grid,B1/Mira,revealed,cre06__hlp05,5.074009795436041e-06,0.106921315
grid,B1/Mira,revealed,cre06__hlp07,0.9999985618735359,0.9606733
grid,B1/Mira,revealed,cre07__int05,0.9999999999995561,0.9652684
grid,B1/Mira,revealed,cre08__ana03,0.9999999999984506,0.99040395
grid,B1/Mira,revealed,emo02__cre04,0.99999999999672,0.9854681
grid,B1/Mira,revealed,emo02__hlp07,0.9999999999999531,0.9770169
grid,B1/Mira,revealed,emo03__ana08,0.9999999999998559,0.98592603
grid,B1/Mira,revealed,emo05__slf02,0.9999999998209126,0.9833124
grid,B1/Mira,revealed,emo06__cre08,0.9999999999997308,0.9784123
grid,B1/Mira,revealed,gry01__emo06,8.741170629119818e-14,0.013043291
grid,B1/Mira,revealed,gry01__hlp04,3.917520875838104e-13,0.0064971456
grid,B1/Mira,revealed,gry02__emo01,2.2101141107662946e-14,0.01736623
grid,B1/Mira,revealed,gry02__hlp05,9.905043365371347e-14,0.010605907
grid,B1/Mira,revealed,gry03__emo04,6.007712637914539e-14,0.017354786
grid,B1/Mira,revealed,gry03__hlp06,8.741170629119818e-14,0.009555416
grid,B1/Mira,revealed,gry04__hlp07,0.999999999993872,0.9894507
grid,B1/Mira,revealed,gry04__pls02,1.1921127903184378e-07,0.013062441
grid,B1/Mira,revealed,gry05__hlp08,2.2543776741212884e-12,0.0074223704
grid,B1/Mira,revealed,gry05__pls01,6.007712637914539e-14,0.011673783
grid,B1/Mira,revealed,gry06__hlp01,5.97132667756739e-08,0.03083599
grid,B1/Mira,revealed,gry06__pls06,8.741170629119818e-14,0.013414756
grid,B1/Mira,revealed,hlp01__rep06,0.9990366100419005,0.9111343
grid,B1/Mira,revealed,hlp03__emo01,7.714055766773822e-14,0.0108509585
grid,B1/Mira,revealed,hlp03__rep05,0.9999999999987933,0.9864218
grid,B1/Mira,revealed,hlp04__ana07,0.5146561152833453,0.7808782
grid,B1/Mira,revealed,hlp06__rep07,0.9999999999974454,0.9830257
grid,B1/Mira,revealed,hlp08__emo05,6.45889971281205e-13,0.012896911
grid,B1/Mira,revealed,int01__hlp01,0.9999999986767132,0.96633935
grid,B1/Mira,revealed,int01__slf01,1.32328681345939e-09,0.025990311
grid,B1/Mira,revealed,int02__ana05,0.5000000905878226,0.5762924
grid,B1/Mira,revealed,int03__ana05,0.4999999756028055,0.40492305
grid,B1/Mira,revealed,int04__cre04,0.5000791839810077,0.7057456
grid,B1/Mira,revealed,int04__emo03,3.050968223720918e-13,0.013165801
grid,B1/Mira,revealed,int05__ana06,0.9999999999885514,0.95519876
grid,B1/Mira,revealed,int06__cre05,0.5000000089579297,0.45911935
grid,B1/Mira,revealed,rep01__hlp04,7.921461286629003e-05,0.051778723
grid,B1/Mira,revealed,rep03__ana07,0.4999999999161372,0.50434405
grid,B1/Mira,revealed,rep03__emo04,9.213125698275242e-15,0.03293125
grid,B1/Mira,revealed,rep05__emo04,3.215696887373318e-14,0.022121899
grid,B1/Mira,revealed,rep06__emo01,1.6330655632033203e-13,0.019434402
grid,B1/Mira,revealed,rep07__cre07,1.8505059680776204e-13,0.03321352
grid,B1/Mira,revealed,rep08__ana04,0.6887703385138086,0.859574
grid,B1/Mira,revealed,rep08__cre03,2.692469999125008e-13,0.02424778
grid,B1/Mira,revealed,sig_feelings__sig_specs,0.9999999999998878,0.97008216
grid,B1/Mira,revealed,sig_long__sig_short,2.1388939230870818e-11,0.015860943
grid,B1/Mira,revealed,sig_roast__sig_bedtime,9.905043365371347e-14,0.014382164
grid,B1/Mira,revealed,slf01__hlp02,0.9998982408524562,0.8484657
grid,B1/Mira,revealed,slf02__rep04,0.9999999999996949,0.9787985
grid,B1/Mira,revealed,slf03__ana03,0.9999999999957883,0.9835576
grid,B1/Mira,revealed,slf04__rep02,0.9999999999997308,0.9775677
grid,B1/Mira,stated_self,ana01__int03,0.4999997019767761,0.48096514
grid,B1/Mira,stated_self,ana01__slf04,1.167796526146958e-09,0.040166825
grid,B1/Mira,stated_self,ana02__hlp02,0.02371305599808693,0.1719273
grid,B1/Mira,stated_self,ana04__hlp05,9.58585780197474e-11,0.0072238185
grid,B1/Mira,stated_self,ana08__rep04,0.969956673681736,0.86990416
grid,B1/Mira,stated_self,avn01__hlp02,7.572557692014925e-08,0.003401424
grid,B1/Mira,stated_self,avn01__pls05,1.0103418969509281e-11,0.01590303
grid,B1/Mira,stated_self,avn02__hlp01,0.49571123719215393,0.3657795
grid,B1/Mira,stated_self,avn02__pls03,3.917520875838104e-13,0.018762408
grid,B1/Mira,stated_self,avn03__hlp05,2.6578925726994385e-08,0.008999633
grid,B1/Mira,stated_self,avn03__pls02,4.772517450679636e-12,0.014450571
grid,B1/Mira,stated_self,avn04__hlp06,6.720204837051824e-09,0.007740031
grid,B1/Mira,stated_self,avn04__pls01,1.6657722076707238e-11,0.018201333
grid,B1/Mira,stated_self,avn05__hlp04,0.9987631520489231,0.81566054
grid,B1/Mira,stated_self,avn05__pls06,9.777840759284118e-09,0.027442668
grid,B1/Mira,stated_self,avn06__hlp03,5.945779264493467e-07,0.029721074
grid,B1/Mira,stated_self,avn06__pls04,2.6057062063600256e-10,0.012265518
grid,B1/Mira,stated_self,avn07__hlp08,0.4990377426147461,0.4372646
grid,B1/Mira,stated_self,avn07__pls05,1.0103418969509281e-11,0.013554825
grid,B1/Mira,stated_self,avn08__hlp07,0.4999943971633911,0.49606723
grid,B1/Mira,stated_self,avn08__pls03,6.9439714395214125e-12,0.018363029
grid,B1/Mira,stated_self,cre01__int06,0.9992494088364765,0.91230273
grid,B1/Mira,stated_self,cre01__rep02,0.9999999975277747,0.99171495
grid,B1/Mira,stated_self,cre02__hlp08,0.9999999734210743,0.9922812
grid,B1/Mira,stated_self,cre03__ana02,0.9999999874450038,0.99333006
grid,B1/Mira,stated_self,cre05__ana06,0.500002384185791,0.5152509
grid,B1/Mira,stated_self,cre06__hlp05,3.944631316699088e-06,0.0680262
grid,B1/Mira,stated_self,cre06__hlp07,0.9987635692814365,0.7653753
grid,B1/Mira,stated_self,cre07__int05,0.9999999997047349,0.97733223
grid,B1/Mira,stated_self,cre08__ana03,0.7810882329940796,0.7475544
grid,B1/Mira,stated_self,emo02__cre04,0.9999999971986018,0.9847152
grid,B1/Mira,stated_self,emo02__hlp07,0.9999999999547196,0.986185
grid,B1/Mira,stated_self,emo03__ana08,0.99999999999943,0.9875734
grid,B1/Mira,stated_self,emo05__slf02,0.9999999793003109,0.721892
grid,B1/Mira,stated_self,emo06__cre08,0.9999999999974454,0.9858552
grid,B1/Mira,stated_self,gry01__emo06,2.37609655258722e-13,0.015190814
grid,B1/Mira,stated_self,gry01__hlp04,4.618724958049825e-09,0.0020876
grid,B1/Mira,stated_self,gry02__emo01,3.917520875838104e-13,0.016650902
grid,B1/Mira,stated_self,gry02__hlp05,5.8141165493186264e-11,0.0046807574
grid,B1/Mira,stated_self,gry03__emo04,2.0968976880385293e-13,0.021018596
grid,B1/Mira,stated_self,gry03__hlp06,5.4079709460586045e-12,0.006526102
grid,B1/Mira,stated_self,gry04__hlp07,0.9999999857733259,0.9918541
grid,B1/Mira,stated_self,gry04__pls02,1.0305767350615724e-09,0.0053454516
grid,B1/Mira,stated_self,gry05__hlp08,5.930560043054811e-09,0.00413142
grid,B1/Mira,stated_self,gry05__pls01,5.699958734173283e-13,0.012640411
grid,B1/Mira,stated_self,gry06__hlp01,2.2698934117215686e-05,0.11015952
grid,B1/Mira,stated_self,gry06__pls06,7.868551296641435e-12,0.011456311
grid,B1/Mira,stated_self,hlp01__rep06,0.5000050067901611,0.5250819
grid,B1/Mira,stated_self,hlp03__emo01,9.397644338063338e-13,0.019528547
grid,B1/Mira,stated_self,hlp03__rep05,0.9999996762026058,0.99748063
grid,B1/Mira,stated_self,hlp04__ana07,0.9999995288776802,0.992784
grid,B1/Mira,stated_self,hlp06__rep07,0.9979649311862886,0.7943047
grid,B1/Mira,stated_self,hlp08__emo05,6.588257023265598e-11,0.017250085
grid,B1/Mira,stated_self,int01__hlp01,0.9999999613278909,0.98409534
grid,B1/Mira,stated_self,int01__slf01,7.1823849339125445e-06,0.06717327
grid,B1/Mira,stated_self,int02__ana05,0.999972463481754,0.74518794
grid,B1/Mira,stated_self,int03__ana05,0.8096433132886887,0.6440053
grid,B1/Mira,stated_self,int04__cre04,0.5000001788139343,0.50128937
grid,B1/Mira,stated_self,int04__emo03,6.1280338442548654e-12,0.021224642
grid,B1/Mira,stated_self,int05__ana06,0.9999999793003109,0.9822334
grid,B1/Mira,stated_self,int06__cre05,0.5000000596046448,0.5006752
grid,B1/Mira,stated_self,rep01__hlp04,7.927771366667002e-05,0.034416385
grid,B1/Mira,stated_self,rep03__ana07,0.5000792145729065,0.7036791
grid,B1/Mira,stated_self,rep03__emo04,1.2066813477248917e-12,0.026612483
grid,B1/Mira,stated_self,rep05__emo04,9.397644338063338e-13,0.020508101
grid,B1/Mira,stated_self,rep06__emo01,7.318892670735155e-13,0.041674063
grid,B1/Mira,stated_self,rep07__cre07,2.029326012786825e-10,0.011043362
grid,B1/Mira,stated_self,rep08__ana04,0.500006377696991,0.77500784
grid,B1/Mira,stated_self,rep08__cre03,1.925370973765439e-09,0.008766635
grid,B1/Mira,stated_self,sig_feelings__sig_specs,0.9999999999998728,0.97969204
grid,B1/Mira,stated_self,sig_long__sig_short,1.1798198897849943e-06,0.03927054
grid,B1/Mira,stated_self,sig_roast__sig_bedtime,8.293392556903145e-13,0.021696454
grid,B1/Mira,stated_self,slf01__hlp02,0.9990365730482154,0.7308957
grid,B1/Mira,stated_self,slf02__rep04,0.9999999999418588,0.95828736
grid,B1/Mira,stated_self,slf03__ana03,0.9999999971986018,0.9764334
grid,B1/Mira,stated_self,slf04__rep02,0.9999999997970674,0.9754096
grid,B1/Vex,revealed,ana01__int03,5.974411819431591e-08,0.056411672
grid,B1/Vex,revealed,ana01__slf04,8.350580828597742e-06,0.09118687
grid,B1/Vex,revealed,ana02__hlp02,0.9999999989694233,0.9714844
grid,B1/Vex,revealed,ana04__hlp05,0.4966762734529766,0.48032346
grid,B1/Vex,revealed,ana08__rep04,0.5000002972184685,0.5382593
grid,B1/Vex,revealed,avn01__hlp02,0.9999999999986326,0.97641844
grid,B1/Vex,revealed,avn01__pls05,0.9999999999986326,0.9769786
grid,B1/Vex,revealed,avn02__hlp01,0.999999999999497,0.97114867
grid,B1/Vex,revealed,avn02__pls03,0.9999999999995561,0.9713311
grid,B1/Vex,revealed,avn03__hlp05,0.999999999891378,0.9757178
grid,B1/Vex,revealed,avn03__pls02,0.9999999999486906,0.98436415
grid,B1/Vex,revealed,avn04__hlp06,0.9999999999910838,0.98537666
grid,B1/Vex,revealed,avn04__pls01,0.9999999999971053,0.9776045
grid,B1/Vex,revealed,avn05__hlp04,0.9979649408007667,0.8239021
grid,B1/Vex,revealed,avn05__pls06,0.9999999999154051,0.97725856
grid,B1/Vex,revealed,avn06__hlp03,0.9999999999852995,0.9867592
grid,B1/Vex,revealed,avn06__pls04,0.9999999923850105,0.9778134
grid,B1/Vex,revealed,avn07__hlp08,0.999999999993056,0.974517
grid,B1/Vex,revealed,avn07__pls05,0.9999999999996543,0.97999763
grid,B1/Vex,revealed,avn08__hlp07,0.9999999999600402,0.97782815
grid,B1/Vex,revealed,avn08__pls03,0.9999999999995561,0.9762721
grid,B1/Vex,revealed,cre01__int06,2.5545444665847628e-12,0.018753743
grid,B1/Vex,revealed,cre01__rep02,3.2800999329868352e-12,0.037748653
grid,B1/Vex,revealed,cre02__hlp08,6.250764350568261e-10,0.060931418
grid,B1/Vex,revealed,cre03__ana02,1.790873976892371e-10,0.035193898
grid,B1/Vex,revealed,cre05__ana06,1.887567185887562e-11,0.024114601
grid,B1/Vex,revealed,cre06__hlp05,0.499977335193897,0.41976485
grid,B1/Vex,revealed,cre06__hlp07,0.49100998044013977,0.4837811
grid,B1/Vex,revealed,cre07__int05,2.2543776741212884e-12,0.018144311
grid,B1/Vex,revealed,cre08__ana03,2.4236843434999322e-11,0.021429881
grid,B1/Vex,revealed,emo02__cre04,5.130940117226146e-11,0.014746743
grid,B1/Vex,revealed,emo02__hlp07,1.790873976892371e-10,0.01586056
grid,B1/Vex,revealed,emo03__ana08,5.4079709460586045e-12,0.009427347
grid,B1/Vex,revealed,emo05__slf02,5.4079709460586045e-12,0.012754859
grid,B1/Vex,revealed,emo06__cre08,1.7557111363711297e-12,0.018128801
grid,B1/Vex,revealed,gry01__emo06,0.9999999999998367,0.96918535
grid,B1/Vex,revealed,gry01__hlp04,0.9999999999993541,0.97122216
grid,B1/Vex,revealed,gry02__emo01,0.9999999999974454,0.983737
grid,B1/Vex,revealed,gry02__hlp05,0.9999999999600402,0.96730864
grid,B1/Vex,revealed,gry03__emo04,0.9999999999993541,0.9832308
grid,B1/Vex,revealed,gry03__hlp06,0.9999999999984506,0.985736
grid,B1/Vex,revealed,gry04__hlp07,3.597066422500461e-09,0.055343956
grid,B1/Vex,revealed,gry04__pls02,0.4999383048915105,0.30439183
grid,B1/Vex,revealed,gry05__hlp08,0.9999999999957883,0.9769422
grid,B1/Vex,revealed,gry05__pls01,0.9999999999852995,0.98171484
grid,B1/Vex,revealed,gry06__hlp01,0.9998982800549658,0.85278285
grid,B1/Vex,revealed,gry06__pls06,0.9999999999993541,0.97216916
grid,B1/Vex,revealed,hlp01__rep06,0.00010172125686924716,0.17229111
grid,B1/Vex,revealed,hlp03__emo01,0.9999999978182688,0.9808639
grid,B1/Vex,revealed,hlp03__rep05,0.499832327732447,0.2796514
grid,B1/Vex,revealed,hlp04__ana07,0.0054937858831181074,0.2734535
grid,B1/Vex,revealed,hlp06__rep07,5.960885650748218e-08,0.025483675
grid,B1/Vex,revealed,hlp08__emo05,0.9999999999957883,0.9884857
grid,B1/Vex,revealed,int01__hlp01,0.9999988639146828,0.92818224
grid,B1/Vex,revealed,int01__slf01,0.9999949319060601,0.9101848
grid,B1/Vex,revealed,int02__ana05,7.614989527837679e-09,0.07803364
grid,B1/Vex,revealed,int03__ana05,0.5237129321700724,0.73338723
grid,B1/Vex,revealed,int04__cre04,0.9999995702124904,0.87640464
grid,B1/Vex,revealed,int04__emo03,0.9999999999952275,0.99059516
grid,B1/Vex,revealed,int05__ana06,6.250764350568261e-10,0.06535595
grid,B1/Vex,revealed,int06__cre05,0.9999999999486906,0.97214985
grid,B1/Vex,revealed,rep01__hlp04,0.5001676740383745,0.7475978
grid,B1/Vex,revealed,rep03__ana07,0.5596014593569203,0.8073821
grid,B1/Vex,revealed,rep03__emo04,0.9999999999995561,0.9758424
grid,B1/Vex,revealed,rep05__emo04,0.9999999999987933,0.9760425
grid,B1/Vex,revealed,rep06__emo01,0.9999999999982443,0.98035115
grid,B1/Vex,revealed,rep07__cre07,0.9999999999998149,0.9734857
grid,B1/Vex,revealed,rep08__ana04,0.9992493986570341,0.9361869
grid,B1/Vex,revealed,rep08__cre03,0.9999998211859024,0.9626498
grid,B1/Vex,revealed,sig_feelings__sig_specs,6.9439714395214125e-12,0.03245225
grid,B1/Vex,revealed,sig_long__sig_short,0.976287066851898,0.8758106
grid,B1/Vex,revealed,sig_roast__sig_bedtime,0.9999999999998149,0.9739277
grid,B1/Vex,revealed,slf01__hlp02,0.9999999996208719,0.97248304
grid,B1/Vex,revealed,slf02__rep04,0.9999998646697783,0.8663481
grid,B1/Vex,revealed,slf03__ana03,0.005493463116300612,0.12473938
grid,B1/Vex,revealed,slf04__rep02,0.99999979460714,0.91602004
grid,B1/Vex,stated_self,ana01__int03,9.397762141816202e-07,0.042882495
grid,B1/Vex,stated_self,ana01__slf04,0.9999909340340309,0.64683986
grid,B1/Vex,stated_self,ana02__hlp02,0.9999976074527694,0.89778745
grid,B1/Vex,stated_self,ana04__hlp05,0.49954503774642944,0.4015428
grid,B1/Vex,stated_self,ana08__rep04,0.99964492637082,0.8509479
grid,B1/Vex,stated_self,avn01__hlp02,0.999999999891378,0.9893869
grid,B1/Vex,stated_self,avn01__pls05,0.999999999891378,0.9893892
grid,B1/Vex,stated_self,avn02__hlp01,0.9999999999757632,0.9920534
grid,B1/Vex,stated_self,avn02__pls03,0.9999999999852995,0.9930898
grid,B1/Vex,stated_self,avn03__hlp05,0.9999999793003109,0.9825967
grid,B1/Vex,stated_self,avn03__pls02,0.9999996762026058,0.9811115
grid,B1/Vex,stated_self,avn04__hlp06,0.9999999902221592,0.9965234
grid,B1/Vex,stated_self,avn04__pls01,0.9999999658719858,0.9921591
grid,B1/Vex,stated_self,avn05__hlp04,0.5000001192092896,0.50026584
grid,B1/Vex,stated_self,avn05__pls06,0.9999995842360079,0.94941306
grid,B1/Vex,stated_self,avn06__hlp03,0.9999996762026058,0.9805532
grid,B1/Vex,stated_self,avn06__pls04,0.9999994661486085,0.9449049
grid,B1/Vex,stated_self,avn07__hlp08,0.9999999734210743,0.97609115
grid,B1/Vex,stated_self,avn07__pls05,0.9999999999600402,0.99249744
grid,B1/Vex,stated_self,avn08__hlp07,0.9999996762026058,0.9510837
grid,B1/Vex,stated_self,avn08__pls03,0.999999999197386,0.9951835
grid,B1/Vex,stated_self,cre01__int06,9.777840759284118e-09,0.008337956
grid,B1/Vex,stated_self,cre01__rep02,1.318536533290171e-07,0.0128047075
grid,B1/Vex,stated_self,cre02__hlp08,0.44039857387542725,0.35336557
grid,B1/Vex,stated_self,cre03__ana02,2.52173691706048e-07,0.029469334
grid,B1/Vex,stated_self,cre05__ana06,2.801398224505647e-09,0.007287646
grid,B1/Vex,stated_self,cre06__hlp05,4.063840606249869e-06,0.13774104
grid,B1/Vex,stated_self,cre06__hlp07,0.5000032782554626,0.5042025
grid,B1/Vex,stated_self,cre07__int05,1.790873976892371e-10,0.008286826
grid,B1/Vex,stated_self,cre08__ana03,4.868100367261263e-10,0.015157037
grid,B1/Vex,stated_self,emo02__cre04,0.499997615814209,0.48865232
grid,B1/Vex,stated_self,emo02__hlp07,0.49995195865631104,0.48428452
grid,B1/Vex,stated_self,emo03__ana08,2.6578925726994385e-08,0.0038341018
grid,B1/Vex,stated_self,emo05__slf02,3.597066422500461e-09,0.006330797
grid,B1/Vex,stated_self,emo06__cre08,8.801715694062295e-07,0.07545234
grid,B1/Vex,stated_self,gry01__emo06,0.9999999999647355,0.98852575
grid,B1/Vex,stated_self,gry01__hlp04,0.9999999996208719,0.9955441
grid,B1/Vex,stated_self,gry02__emo01,0.9999999923850105,0.99604625
grid,B1/Vex,stated_self,gry02__hlp05,0.9999999978182688,0.97054523
grid,B1/Vex,stated_self,gry03__emo04,0.9999999994483719,0.99396014
grid,B1/Vex,stated_self,gry03__hlp06,0.9999999993749236,0.9967611
grid,B1/Vex,stated_self,gry04__hlp07,0.49876371026039124,0.45032105
grid,B1/Vex,stated_self,gry04__pls02,0.4998985826969147,0.4450161
grid,B1/Vex,stated_self,gry05__hlp08,0.5000227093696594,0.59405017
grid,B1/Vex,stated_self,gry05__pls01,0.9999999874450038,0.9884441
grid,B1/Vex,stated_self,gry06__hlp01,0.4999995827674866,0.49796635
grid,B1/Vex,stated_self,gry06__pls06,0.9403985403478146,0.8006748
grid,B1/Vex,stated_self,hlp01__rep06,0.49954450130462646,0.367497
grid,B1/Vex,stated_self,hlp03__emo01,0.9999519487901125,0.7223908
grid,B1/Vex,stated_self,hlp03__rep05,0.0012394109508022666,0.1221086
grid,B1/Vex,stated_self,hlp04__ana07,0.4999208450317383,0.45059443
grid,B1/Vex,stated_self,hlp06__rep07,9.777840759284118e-09,0.0042452263
grid,B1/Vex,stated_self,hlp08__emo05,0.9999999437324227,0.9929429
grid,B1/Vex,stated_self,int01__hlp01,0.9999997478263083,0.9725671
grid,B1/Vex,stated_self,int01__slf01,0.9999985488440188,0.94768006
grid,B1/Vex,stated_self,int02__ana05,0.4998323321342468,0.3577531
grid,B1/Vex,stated_self,int03__ana05,0.9999952232669784,0.8476716
grid,B1/Vex,stated_self,int04__cre04,0.5000014305114746,0.50715053
grid,B1/Vex,stated_self,int04__emo03,0.9999999734210743,0.99302816
grid,B1/Vex,stated_self,int05__ana06,1.5295110245006072e-07,0.07333673
grid,B1/Vex,stated_self,int06__cre05,0.9999773010658828,0.8958191
grid,B1/Vex,stated_self,rep01__hlp04,0.9998308944195742,0.87804055
grid,B1/Vex,stated_self,rep03__ana07,0.9087871760129929,0.8618006
grid,B1/Vex,stated_self,rep03__emo04,0.99999999406944,0.9928765
grid,B1/Vex,stated_self,rep05__emo04,0.99999999406944,0.99199474
grid,B1/Vex,stated_self,rep06__emo01,0.9999999902221592,0.9925475
grid,B1/Vex,stated_self,rep07__cre07,0.9999999998605266,0.9917954
grid,B1/Vex,stated_self,rep08__ana04,0.9999992671650944,0.9875604
grid,B1/Vex,stated_self,rep08__cre03,0.99999999406944,0.9935502
grid,B1/Vex,stated_self,sig_feelings__sig_specs,4.868100367261263e-10,0.012344109
grid,B1/Vex,stated_self,sig_long__sig_short,0.9999999734210743,0.98985505
grid,B1/Vex,stated_self,sig_roast__sig_bedtime,0.9999999999971053,0.9784115
grid,B1/Vex,stated_self,slf01__hlp02,0.9999993145213466,0.907598
grid,B1/Vex,stated_self,slf02__rep04,0.49987074732780457,0.55467737
grid,B1/Vex,stated_self,slf03__ana03,3.7110636412762688e-06,0.23231664
grid,B1/Vex,stated_self,slf04__rep02,2.1159901280043414e-06,0.15814652
grid,B2/Lazlo,revealed,ana01__int03,0.999999938213624,0.99359024
grid,B2/Lazlo,revealed,ana01__slf04,0.9999992811471963,0.9700339
grid,B2/Lazlo,revealed,ana02__hlp02,2.11978843367433e-07,0.021125536
grid,B2/Lazlo,revealed,ana04__hlp05,0.9999989095372257,0.8362496
grid,B2/Lazlo,revealed,ana08__rep04,0.49999996349802345,0.49736735
grid,B2/Lazlo,revealed,avn01__hlp02,2.4236843434999322e-11,0.0024742156
grid,B2/Lazlo,revealed,avn01__pls05,5.4079709460586045e-12,0.0026979232
grid,B2/Lazlo,revealed,avn02__hlp01,6.938248553467474e-08,0.045258507
grid,B2/Lazlo,revealed,avn02__pls03,3.597066422500461e-09,0.011842692
grid,B2/Lazlo,revealed,avn03__hlp05,4.2003391165224e-07,0.018158467
grid,B2/Lazlo,revealed,avn03__pls02,1.3768757538008825e-05,0.05490978
grid,B2/Lazlo,revealed,avn04__hlp06,2.2995279291837534e-10,0.002170012
grid,B2/Lazlo,revealed,avn04__pls01,7.410299076582305e-07,0.0869674
grid,B2/Lazlo,revealed,avn05__hlp04,0.999999240923028,0.9446584
grid,B2/Lazlo,revealed,avn05__pls06,1.9136893047999592e-07,0.011005221
grid,B2/Lazlo,revealed,avn06__hlp03,1.790873976892371e-10,0.002186648
grid,B2/Lazlo,revealed,avn06__pls04,3.7912800676664915e-10,0.001577347
grid,B2/Lazlo,revealed,avn07__hlp08,1.317642857046053e-07,0.010023199
grid,B2/Lazlo,revealed,avn07__pls05,3.117783364814386e-07,0.08195128
grid,B2/Lazlo,revealed,avn08__hlp07,5.13864381446183e-06,0.06879586
grid,B2/Lazlo,revealed,avn08__pls03,0.5000049927465398,0.57873696
grid,B2/Lazlo,revealed,cre01__int06,0.9999999401000901,0.9890913
grid,B2/Lazlo,revealed,cre01__rep02,0.9999772745094084,0.77997315
grid,B2/Lazlo,revealed,cre02__hlp08,0.0004555914649273518,0.15944582
grid,B2/Lazlo,revealed,cre03__ana02,0.0967062502168119,0.4896196
grid,B2/Lazlo,revealed,cre05__ana06,4.894815219813609e-07,0.09950209
grid,B2/Lazlo,revealed,cre06__hlp05,0.999999884127778,0.9959393
grid,B2/Lazlo,revealed,cre06__hlp07,0.9999991656258089,0.94929457
grid,B2/Lazlo,revealed,cre07__int05,0.19776345789432526,0.36481625
grid,B2/Lazlo,revealed,cre08__ana03,0.9999999999811243,0.9983356
grid,B2/Lazlo,revealed,emo02__cre04,5.927093802426953e-07,0.011014876
grid,B2/Lazlo,revealed,emo02__hlp07,3.907927776936049e-07,0.018678108
grid,B2/Lazlo,revealed,emo03__ana08,1.3533022169553988e-07,0.0061177406
grid,B2/Lazlo,revealed,emo05__slf02,2.0699689073921945e-08,0.0025618912
grid,B2/Lazlo,revealed,emo06__cre08,2.801398224505647e-09,0.005687521
grid,B2/Lazlo,revealed,gry01__emo06,1.399089786247032e-07,0.026908748
grid,B2/Lazlo,revealed,gry01__hlp04,1.6120932144758626e-08,0.030517546
grid,B2/Lazlo,revealed,gry02__emo01,5.130940117226146e-11,0.009091698
grid,B2/Lazlo,revealed,gry02__hlp05,6.250764350568261e-10,0.0046747774
grid,B2/Lazlo,revealed,gry03__emo04,1.9951362340009382e-07,0.023460232
grid,B2/Lazlo,revealed,gry03__hlp06,3.0264194883500295e-07,0.008537234
grid,B2/Lazlo,revealed,gry04__hlp07,0.0004440571938175708,0.32343674
grid,B2/Lazlo,revealed,gry04__pls02,0.49972361529066056,0.322174
grid,B2/Lazlo,revealed,gry05__hlp08,4.618724958049825e-09,0.009999753
grid,B2/Lazlo,revealed,gry05__pls01,0.4999995827674866,0.49402744
grid,B2/Lazlo,revealed,gry06__hlp01,0.9999998710128697,0.9699936
grid,B2/Lazlo,revealed,gry06__pls06,0.5,0.4956679
grid,B2/Lazlo,revealed,hlp01__rep06,0.9999999999547196,0.9977248
grid,B2/Lazlo,revealed,hlp03__emo01,0.9999999923850105,0.99519086
grid,B2/Lazlo,revealed,hlp03__rep05,0.9999999996208719,0.99660647
grid,B2/Lazlo,revealed,hlp04__ana07,4.5136052762018153e-07,0.012122128
grid,B2/Lazlo,revealed,hlp06__rep07,0.9999999996208719,0.99307805
grid,B2/Lazlo,revealed,hlp08__emo05,0.999999999197386,0.9963838
grid,B2/Lazlo,revealed,int01__hlp01,6.240604299989627e-08,0.021387532
grid,B2/Lazlo,revealed,int01__slf01,6.092793158885002e-08,0.004979957
grid,B2/Lazlo,revealed,int02__ana05,2.2711551390663942e-05,0.039217725
grid,B2/Lazlo,revealed,int03__ana05,1.8494431219817642e-06,0.02118487
grid,B2/Lazlo,revealed,int04__cre04,2.9793238809361355e-07,0.015138838
grid,B2/Lazlo,revealed,int04__emo03,0.994506517214587,0.77921
grid,B2/Lazlo,revealed,int05__ana06,5.6267577264179636e-08,0.05217147
grid,B2/Lazlo,revealed,int06__cre05,1.3947341892528442e-10,0.0033611564
grid,B2/Lazlo,revealed,rep01__hlp04,0.49999971832230017,0.44305992
grid,B2/Lazlo,revealed,rep03__ana07,3.100472105055374e-06,0.07012126
grid,B2/Lazlo,revealed,rep03__emo04,0.4999988708684724,0.4455658
grid,B2/Lazlo,revealed,rep05__emo04,5.998377278215727e-08,0.007150008
grid,B2/Lazlo,revealed,rep06__emo01,0.4999999100318444,0.49468946
grid,B2/Lazlo,revealed,rep07__cre07,3.743220372898204e-05,0.09604227
grid,B2/Lazlo,revealed,rep08__ana04,0.00016767548074270167,0.117046185
grid,B2/Lazlo,revealed,rep08__cre03,1.32328681345939e-09,0.0032270795
grid,B2/Lazlo,revealed,sig_feelings__sig_specs,8.026139752814743e-10,0.007491529
grid,B2/Lazlo,revealed,sig_long__sig_short,4.211732091558007e-12,0.0029878414
grid,B2/Lazlo,revealed,sig_roast__sig_bedtime,6.178637601550463e-08,0.006719424
grid,B2/Lazlo,revealed,slf01__hlp02,0.5089929086384473,0.65576446
grid,B2/Lazlo,revealed,slf02__rep04,0.9966398058459163,0.48944205
grid,B2/Lazlo,revealed,slf03__ana03,0.9999999998209126,0.9936006
grid,B2/Lazlo,revealed,slf04__rep02,0.4999935023658688,0.42067218
grid,B2/Lazlo,stated_self,ana01__int03,0.5000017881393433,0.520546
grid,B2/Lazlo,stated_self,ana01__slf04,0.7499999403953552,0.628098
grid,B2/Lazlo,stated_self,ana02__hlp02,1.1301621043457999e-06,0.0070660952
grid,B2/Lazlo,stated_self,ana04__hlp05,3.575370328690042e-07,0.040074863
grid,B2/Lazlo,stated_self,ana08__rep04,0.5909363627433777,0.48585054
grid,B2/Lazlo,stated_self,avn01__hlp02,5.930560043054811e-09,0.0023378949
grid,B2/Lazlo,stated_self,avn01__pls05,9.777840759284118e-09,0.0019885362
grid,B2/Lazlo,stated_self,avn02__hlp01,3.117783364814386e-07,0.008920338
grid,B2/Lazlo,stated_self,avn02__pls03,8.801715694062295e-07,0.02380292
grid,B2/Lazlo,stated_self,avn03__hlp05,3.4128014192447154e-08,0.0063699246
grid,B2/Lazlo,stated_self,avn03__pls02,8.030433384931257e-08,0.0072958255
grid,B2/Lazlo,stated_self,avn04__hlp06,1.9136893047999592e-07,0.013804655
grid,B2/Lazlo,stated_self,avn04__pls01,0.00338383648704621,0.41674864
grid,B2/Lazlo,stated_self,avn05__hlp04,0.9999998808815462,0.9943412
grid,B2/Lazlo,stated_self,avn05__pls06,0.00028148153569418355,0.21418345
grid,B2/Lazlo,stated_self,avn06__hlp03,2.0699689073921945e-08,0.0035344304
grid,B2/Lazlo,stated_self,avn06__pls04,1.32328681345939e-09,0.0035239586
grid,B2/Lazlo,stated_self,avn07__hlp08,0.31122973561286926,0.39945388
grid,B2/Lazlo,stated_self,avn07__pls05,3.742311309906654e-05,0.11331486
grid,B2/Lazlo,stated_self,avn08__hlp07,8.801715694062295e-07,0.011232179
grid,B2/Lazlo,stated_self,avn08__pls03,0.5000605583190918,0.48293576
grid,B2/Lazlo,stated_self,cre01__int06,0.9999999401654025,0.9913688
grid,B2/Lazlo,stated_self,cre01__rep02,0.9999999978182688,0.9954206
grid,B2/Lazlo,stated_self,cre02__hlp08,0.3112434446811676,0.48690826
grid,B2/Lazlo,stated_self,cre03__ana02,0.9999988698378957,0.92686605
grid,B2/Lazlo,stated_self,cre05__ana06,0.9999999367982888,0.9920875
grid,B2/Lazlo,stated_self,cre06__hlp05,0.9762859307229519,0.8515286
grid,B2/Lazlo,stated_self,cre06__hlp07,0.49100759625434875,0.33617884
grid,B2/Lazlo,stated_self,cre07__int05,0.634469598531723,0.73250806
grid,B2/Lazlo,stated_self,cre08__ana03,0.9999999998605266,0.9975318
grid,B2/Lazlo,stated_self,emo02__cre04,1.4578821527777563e-07,0.0058001657
grid,B2/Lazlo,stated_self,emo02__hlp07,5.6267577264179636e-08,0.003298192
grid,B2/Lazlo,stated_self,emo03__ana08,2.52173691706048e-07,0.013861673
grid,B2/Lazlo,stated_self,emo05__slf02,9.777840759284118e-09,0.0019444632
grid,B2/Lazlo,stated_self,emo06__cre08,4.618724958049825e-09,0.002953705
grid,B2/Lazlo,stated_self,gry01__emo06,0.0004555255873128772,0.060810007
grid,B2/Lazlo,stated_self,gry01__hlp04,0.4999969005584717,0.48342085
grid,B2/Lazlo,stated_self,gry02__emo01,5.076172646667487e-06,0.23883763
grid,B2/Lazlo,stated_self,gry02__hlp05,3.4128014192447154e-08,0.0041529103
grid,B2/Lazlo,stated_self,gry03__emo04,7.224900855362648e-08,0.00853241
grid,B2/Lazlo,stated_self,gry03__hlp06,0.4987640122881203,0.46645272
grid,B2/Lazlo,stated_self,gry04__hlp07,9.238972324965289e-07,0.07912119
grid,B2/Lazlo,stated_self,gry04__pls02,1.0342587941636339e-07,0.011637347
grid,B2/Lazlo,stated_self,gry05__hlp08,0.0007505911635234952,0.3406846
grid,B2/Lazlo,stated_self,gry05__pls01,0.503346174955368,0.7263383
grid,B2/Lazlo,stated_self,gry06__hlp01,0.014656542263168149,0.29346988
grid,B2/Lazlo,stated_self,gry06__pls06,9.777840759284118e-09,0.031208504
grid,B2/Lazlo,stated_self,hlp01__rep06,0.9999999989694233,0.9979856
grid,B2/Lazlo,stated_self,hlp03__emo01,0.9999999734210743,0.99531424
grid,B2/Lazlo,stated_self,hlp03__rep05,0.99999999406944,0.9974503
grid,B2/Lazlo,stated_self,hlp04__ana07,6.893929054285763e-07,0.01302599
grid,B2/Lazlo,stated_self,hlp06__rep07,0.9999999344647952,0.9912122
grid,B2/Lazlo,stated_self,hlp08__emo05,0.9999999793003109,0.9957958
grid,B2/Lazlo,stated_self,int01__hlp01,5.363509671951761e-07,0.018679822
grid,B2/Lazlo,stated_self,int01__slf01,0.5000003719427575,0.5231361
grid,B2/Lazlo,stated_self,int02__ana05,0.499724490843505,0.36357182
grid,B2/Lazlo,stated_self,int03__ana05,0.4403985841690492,0.19789897
grid,B2/Lazlo,stated_self,int04__cre04,4.7536863689856546e-07,0.052390765
grid,B2/Lazlo,stated_self,int04__emo03,0.9999862321546971,0.83442974
grid,B2/Lazlo,stated_self,int05__ana06,0.00011548317161214072,0.105452456
grid,B2/Lazlo,stated_self,int06__cre05,3.7912800676664915e-10,0.0035327913
grid,B2/Lazlo,stated_self,rep01__hlp04,0.0007508534653482002,0.12003719
grid,B2/Lazlo,stated_self,rep03__ana07,0.49876456866229546,0.30180943
grid,B2/Lazlo,stated_self,rep03__emo04,0.4979649484157562,0.40630382
grid,B2/Lazlo,stated_self,rep05__emo04,2.0699689073921945e-08,0.0026130977
grid,B2/Lazlo,stated_self,rep06__emo01,0.4999996797996722,0.4965771
grid,B2/Lazlo,stated_self,rep07__cre07,1.0305767350615724e-09,0.002803918
grid,B2/Lazlo,stated_self,rep08__ana04,1.2491071288422972e-06,0.06869191
grid,B2/Lazlo,stated_self,rep08__cre03,4.382123464097276e-08,0.013501589
grid,B2/Lazlo,stated_self,sig_feelings__sig_specs,3.597066422500461e-09,0.0049803774
grid,B2/Lazlo,stated_self,sig_long__sig_short,2.2995279291837534e-10,0.003834122
grid,B2/Lazlo,stated_self,sig_roast__sig_bedtime,2.0699689073921945e-08,0.017764479
grid,B2/Lazlo,stated_self,slf01__hlp02,1.4020846634821282e-05,0.034317743
grid,B2/Lazlo,stated_self,slf02__rep04,0.49996326236555433,0.42425334
grid,B2/Lazlo,stated_self,slf03__ana03,0.9999999964029336,0.99859667
grid,B2/Lazlo,stated_self,slf04__rep02,0.023712989331084344,0.11794651
grid,B2/Mira,revealed,ana01__int03,0.8708581477403641,0.75496805
grid,B2/Mira,revealed,ana01__slf04,0.6883148133056238,0.5858435
grid,B2/Mira,revealed,ana02__hlp02,1.811834349041419e-05,0.119051054
grid,B2/Mira,revealed,ana04__hlp05,0.31122966328879453,0.4594498
grid,B2/Mira,revealed,ana08__rep04,0.997964914287742,0.8243127
grid,B2/Mira,revealed,avn01__hlp02,1.1448674473724108e-11,0.0007566705
grid,B2/Mira,revealed,avn01__pls05,9.397644338063338e-13,0.0015075251
grid,B2/Mira,revealed,avn02__hlp01,4.868100367261263e-10,0.001972141
grid,B2/Mira,revealed,avn02__pls03,4.211732091558007e-12,0.001913181
grid,B2/Mira,revealed,avn03__hlp05,1.848774564772171e-06,0.023041444
grid,B2/Mira,revealed,avn03__pls02,1.1924041027483456e-07,0.0036558518
grid,B2/Mira,revealed,avn04__hlp06,8.91623667259589e-12,0.001424981
grid,B2/Mira,revealed,avn04__pls01,3.11207240533129e-11,0.0020524925
grid,B2/Mira,revealed,avn05__hlp04,0.9992493780086544,0.8245064
grid,B2/Mira,revealed,avn05__pls06,7.278107334585115e-07,0.0069509055
grid,B2/Mira,revealed,avn06__hlp03,2.390436555366193e-07,0.0053805728
grid,B2/Mira,revealed,avn06__pls04,8.459489359013972e-11,0.0013800549
grid,B2/Mira,revealed,avn07__hlp08,0.5033463692135633,0.5636697
grid,B2/Mira,revealed,avn07__pls05,6.250764350568261e-10,0.0010821476
grid,B2/Mira,revealed,avn08__hlp07,0.49999948684829754,0.49448308
grid,B2/Mira,revealed,avn08__pls03,1.192938844443714e-07,0.0019182365
grid,B2/Mira,revealed,cre01__int06,0.49999999381922566,0.5002206
grid,B2/Mira,revealed,cre01__rep02,0.5000000720698647,0.5002861
grid,B2/Mira,revealed,cre02__hlp08,0.49999833307344943,0.49691436
grid,B2/Mira,revealed,cre03__ana02,0.908786341547966,0.9146153
grid,B2/Mira,revealed,cre05__ana06,3.0264194883500295e-07,0.05645781
grid,B2/Mira,revealed,cre06__hlp05,6.169673790257235e-05,0.23390992
grid,B2/Mira,revealed,cre06__hlp07,0.5002749381720832,0.5750084
grid,B2/Mira,revealed,cre07__int05,0.9889718433842063,0.7744039
grid,B2/Mira,revealed,cre08__ana03,0.99876370807866,0.58178836
grid,B2/Mira,revealed,emo02__cre04,0.9999994613764658,0.99137485
grid,B2/Mira,revealed,emo02__hlp07,0.9999998208908005,0.9976369
grid,B2/Mira,revealed,emo03__ana08,0.9999998206992556,0.9972588
grid,B2/Mira,revealed,emo05__slf02,0.9707935960032046,0.59429675
grid,B2/Mira,revealed,emo06__cre08,0.999999999197386,0.9988345
grid,B2/Mira,revealed,gry01__emo06,1.5494096890916742e-12,0.0013677139
grid,B2/Mira,revealed,gry01__hlp04,1.4700386741228755e-11,0.002361988
grid,B2/Mira,revealed,gry02__emo01,4.6788117949230976e-14,0.0030386653
grid,B2/Mira,revealed,gry02__hlp05,3.457200075263761e-13,0.002407366
grid,B2/Mira,revealed,gry03__emo04,5.4079709460586045e-12,0.0019471962
grid,B2/Mira,revealed,gry03__hlp06,1.192938844443714e-07,0.004954572
grid,B2/Mira,revealed,gry04__hlp07,0.6887703329623767,0.69543374
grid,B2/Mira,revealed,gry04__pls02,2.2709748787430595e-05,0.059096094
grid,B2/Mira,revealed,gry05__hlp08,6.588257023265598e-11,0.0017210315
grid,B2/Mira,revealed,gry05__pls01,1.887567185887562e-11,0.0026320869
grid,B2/Mira,revealed,gry06__hlp01,0.0912127809826575,0.32169136
grid,B2/Mira,revealed,gry06__pls06,7.318892670735155e-13,0.002342925
grid,B2/Mira,revealed,hlp01__rep06,0.9999949333752414,0.9381393
grid,B2/Mira,revealed,hlp03__emo01,5.974411819431591e-08,0.0022524411
grid,B2/Mira,revealed,hlp03__rep05,0.9999992841191863,0.9881699
grid,B2/Mira,revealed,hlp04__ana07,0.9853437807312702,0.6099533
grid,B2/Mira,revealed,hlp06__rep07,0.5004555254082255,0.5541372
grid,B2/Mira,revealed,hlp08__emo05,8.962514028709734e-07,0.011338306
grid,B2/Mira,revealed,int01__hlp01,0.9999997649184884,0.99431443
grid,B2/Mira,revealed,int01__slf01,1.0305767350615724e-09,0.0021052435
grid,B2/Mira,revealed,int02__ana05,0.4999999722996975,0.49713483
grid,B2/Mira,revealed,int03__ana05,0.05960155797822608,0.1871148
grid,B2/Mira,revealed,int04__cre04,0.9966535705051207,0.6636226
grid,B2/Mira,revealed,int04__emo03,1.4318347614228344e-06,0.007752914
grid,B2/Mira,revealed,int05__ana06,0.999983847968906,0.93051213
grid,B2/Mira,revealed,int06__cre05,0.5000000340433939,0.49944845
grid,B2/Mira,revealed,rep01__hlp04,0.0004555046259335782,0.16860668
grid,B2/Mira,revealed,rep03__ana07,0.4999862419325378,0.49157926
grid,B2/Mira,revealed,rep03__emo04,2.4236843434999322e-11,0.002269639
grid,B2/Mira,revealed,rep05__emo04,3.11207240533129e-11,0.0011988999
grid,B2/Mira,revealed,rep06__emo01,2.692469999125008e-13,0.0024903177
grid,B2/Mira,revealed,rep07__cre07,2.981318458772364e-07,0.007285733
grid,B2/Mira,revealed,rep08__ana04,0.2500000265789257,0.3380801
grid,B2/Mira,revealed,rep08__cre03,1.0862200028327607e-10,0.0011985066
grid,B2/Mira,revealed,sig_feelings__sig_specs,0.99999999999943,0.9967413
grid,B2/Mira,revealed,sig_long__sig_short,0.0007506017784665309,0.41202438
grid,B2/Mira,revealed,sig_roast__sig_bedtime,5.699958734173283e-13,0.001967105
grid,B2/Mira,revealed,slf01__hlp02,0.9999999923850105,0.9979637
grid,B2/Mira,revealed,slf02__rep04,0.5596014435312533,0.6107305
grid,B2/Mira,revealed,slf03__ana03,0.999999995381275,0.99727225
grid,B2/Mira,revealed,slf04__rep02,0.9999949210501979,0.94840026
grid,B2/Mira,stated_self,ana01__int03,0.40880492329597473,0.46306404
grid,B2/Mira,stated_self,ana01__slf04,0.9999997350024952,0.97824144
grid,B2/Mira,stated_self,ana02__hlp02,0.9999851011649525,0.9710499
grid,B2/Mira,stated_self,ana04__hlp05,0.5379284023986202,0.64674646
grid,B2/Mira,stated_self,ana08__rep04,0.9998875576711725,0.7853492
grid,B2/Mira,stated_self,avn01__hlp02,3.597066422500461e-09,0.0022677756
grid,B2/Mira,stated_self,avn01__pls05,2.4236843434999322e-11,0.0057842
grid,B2/Mira,stated_self,avn02__hlp01,2.0699689073921945e-08,0.0017392533
grid,B2/Mira,stated_self,avn02__pls03,3.11207240533129e-11,0.006153614
grid,B2/Mira,stated_self,avn03__hlp05,4.1826309016279595e-07,0.005383442
grid,B2/Mira,stated_self,avn03__pls02,4.868100367261263e-10,0.0040432503
grid,B2/Mira,stated_self,avn04__hlp06,1.2513984959383606e-07,0.0019492808
grid,B2/Mira,stated_self,avn04__pls01,5.998377278215727e-08,0.0047940607
grid,B2/Mira,stated_self,avn05__hlp04,1.3921624045565295e-05,0.048183993
grid,B2/Mira,stated_self,avn05__pls06,3.246021496039475e-07,0.0031766181
grid,B2/Mira,stated_self,avn06__hlp03,1.2090842349543607e-07,0.0053461515
grid,B2/Mira,stated_self,avn06__pls04,8.459489359013972e-11,0.0074746464
grid,B2/Mira,stated_self,avn07__hlp08,1.221920456373482e-06,0.07326247
grid,B2/Mira,stated_self,avn07__pls05,4.868100367261263e-10,0.002230739
grid,B2/Mira,stated_self,avn08__hlp07,0.05960201958060907,0.3561771
grid,B2/Mira,stated_self,avn08__pls03,1.0862200028327607e-10,0.002777938
grid,B2/Mira,stated_self,cre01__int06,2.3106830440156045e-06,0.032198906
grid,B2/Mira,stated_self,cre01__rep02,0.5595996379852295,0.6045501
grid,B2/Mira,stated_self,cre02__hlp08,0.8642929941415787,0.69289875
grid,B2/Mira,stated_self,cre03__ana02,0.9999995094077292,0.96424884
grid,B2/Mira,stated_self,cre05__ana06,6.218206181074493e-07,0.007131663
grid,B2/Mira,stated_self,cre06__hlp05,6.173462857717027e-05,0.08476936
grid,B2/Mira,stated_self,cre06__hlp07,0.499861470563701,0.48817015
grid,B2/Mira,stated_self,cre07__int05,7.4589420364645775e-06,0.23988768
grid,B2/Mira,stated_self,cre08__ana03,0.5001015365123749,0.5673405
grid,B2/Mira,stated_self,emo02__cre04,0.5000046492315562,0.8558204
grid,B2/Mira,stated_self,emo02__hlp07,0.9999968844375395,0.9953855
grid,B2/Mira,stated_self,emo03__ana08,0.9999892707848124,0.993098
grid,B2/Mira,stated_self,emo05__slf02,0.4992500943151299,0.26558164
grid,B2/Mira,stated_self,emo06__cre08,0.9999998203834517,0.99709487
grid,B2/Mira,stated_self,gry01__emo06,1.887567185887562e-11,0.003151041
grid,B2/Mira,stated_self,gry01__hlp04,6.250764350568261e-10,0.0023678625
grid,B2/Mira,stated_self,gry02__emo01,3.11207240533129e-11,0.004482407
grid,B2/Mira,stated_self,gry02__hlp05,1.887567185887562e-11,0.0030361332
grid,B2/Mira,stated_self,gry03__emo04,3.11207240533129e-11,0.0051615527
grid,B2/Mira,stated_self,gry03__hlp06,1.790873976892371e-10,0.0019065129
grid,B2/Mira,stated_self,gry04__hlp07,0.4966541083702509,0.4632904
grid,B2/Mira,stated_self,gry04__pls02,2.993465106904125e-07,0.0049556107
grid,B2/Mira,stated_self,gry05__hlp08,4.868100367261263e-10,0.0036725528
grid,B2/Mira,stated_self,gry05__pls01,1.887567185887562e-11,0.0034132507
grid,B2/Mira,stated_self,gry06__hlp01,3.4128014192447154e-08,0.0027476377
grid,B2/Mira,stated_self,gry06__pls06,5.978373217307986e-08,0.0030994609
grid,B2/Mira,stated_self,hlp01__rep06,0.9999996581555415,0.9727744
grid,B2/Mira,stated_self,hlp03__emo01,0.5000000104579936,0.39878076
grid,B2/Mira,stated_self,hlp03__rep05,0.9999998369694758,0.9976679
grid,B2/Mira,stated_self,hlp04__ana07,0.005948987673036754,0.3947221
grid,B2/Mira,stated_self,hlp06__rep07,0.9999994369792713,0.9923754
grid,B2/Mira,stated_self,hlp08__emo05,0.9999770384566489,0.89545935
grid,B2/Mira,stated_self,int01__hlp01,0.9999993863743839,0.9951462
grid,B2/Mira,stated_self,int01__slf01,3.796556831048292e-05,0.016233033
grid,B2/Mira,stated_self,int02__ana05,0.5000370073491069,0.6775247
grid,B2/Mira,stated_self,int03__ana05,0.531611293554306,0.51853734
grid,B2/Mira,stated_self,int04__cre04,0.9998283910244936,0.7877426
grid,B2/Mira,stated_self,int04__emo03,9.568993391440017e-06,0.014207392
grid,B2/Mira,stated_self,int05__ana06,0.99849880754482,0.7457992
grid,B2/Mira,stated_self,int06__cre05,0.5000002384185791,0.50258994
grid,B2/Mira,stated_self,rep01__hlp04,0.059602171207870924,0.15378056
grid,B2/Mira,stated_self,rep03__ana07,0.00334729354551655,0.11610772
grid,B2/Mira,stated_self,rep03__emo04,6.092793158885002e-08,0.003704771
grid,B2/Mira,stated_self,rep05__emo04,2.0699689073921945e-08,0.0017737059
grid,B2/Mira,stated_self,rep06__emo01,0.4999981380036336,0.17095812
grid,B2/Mira,stated_self,rep07__cre07,8.618357050238501e-08,0.004578484
grid,B2/Mira,stated_self,rep08__ana04,1.118590148507792e-06,0.01821625
grid,B2/Mira,stated_self,rep08__cre03,1.255499615382405e-08,0.0022046557
grid,B2/Mira,stated_self,sig_feelings__sig_specs,0.5000616972056259,0.6177168
grid,B2/Mira,stated_self,sig_long__sig_short,0.9403984801427683,0.8077502
grid,B2/Mira,stated_self,sig_roast__sig_bedtime,1.0862200028327607e-10,0.0063706893
grid,B2/Mira,stated_self,slf01__hlp02,0.9999998212769015,0.995921
grid,B2/Mira,stated_self,slf02__rep04,0.688770312314011,0.943972
grid,B2/Mira,stated_self,slf03__ana03,0.5000030455081852,0.7372759
grid,B2/Mira,stated_self,slf04__rep02,6.820703674748074e-06,0.025509212
grid,B2/Vex,revealed,ana01__int03,7.278107334585115e-07,0.056674454
grid,B2/Vex,revealed,ana01__slf04,0.9999996753978504,0.99109495
grid,B2/Vex,revealed,ana02__hlp02,0.999999884127778,0.9921249
grid,B2/Vex,revealed,ana04__hlp05,0.9999892273427058,0.94183993
grid,B2/Vex,revealed,ana08__rep04,0.9999948144867403,0.97087
grid,B2/Vex,revealed,avn01__hlp02,0.9999981519607468,0.93014586
grid,B2/Vex,revealed,avn01__pls05,0.9999998198627789,0.99046564
grid,B2/Vex,revealed,avn02__hlp01,0.9999998803039004,0.9927671
grid,B2/Vex,revealed,avn02__pls03,0.9999999999600402,0.99585104
grid,B2/Vex,revealed,avn03__hlp05,0.9999996943617866,0.99172574
grid,B2/Vex,revealed,avn03__pls02,0.9999999989694233,0.9978418
grid,B2/Vex,revealed,avn04__hlp06,0.9999968798587826,0.8982897
grid,B2/Vex,revealed,avn04__pls01,0.999999938213624,0.9969466
grid,B2/Vex,revealed,avn05__hlp04,0.5089930784526242,0.5533501
grid,B2/Vex,revealed,avn05__pls06,0.9999949210501979,0.9416184
grid,B2/Vex,revealed,avn06__hlp03,0.9999998175889993,0.993432
grid,B2/Vex,revealed,avn06__pls04,0.9999999964029336,0.9949856
grid,B2/Vex,revealed,avn07__hlp08,0.9999998152555056,0.9937095
grid,B2/Vex,revealed,avn07__pls05,0.9999999999688793,0.9973066
grid,B2/Vex,revealed,avn08__hlp07,0.9999998790915765,0.9947765
grid,B2/Vex,revealed,avn08__pls03,0.9999999999910838,0.99663436
grid,B2/Vex,revealed,cre01__int06,1.7910919949959414e-07,0.005353944
grid,B2/Vex,revealed,cre01__rep02,1.8499257192772234e-06,0.017047659
grid,B2/Vex,revealed,cre02__hlp08,3.105782200307772e-07,0.01328032
grid,B2/Vex,revealed,cre03__ana02,1.1587222203957026e-07,0.0039275237
grid,B2/Vex,revealed,cre05__ana06,6.240604299989627e-08,0.0055440785
grid,B2/Vex,revealed,cre06__hlp05,0.3655293045808765,0.42187136
grid,B2/Vex,revealed,cre06__hlp07,0.189520915155299,0.48992166
grid,B2/Vex,revealed,cre07__int05,3.7912800676664915e-10,0.0015761568
grid,B2/Vex,revealed,cre08__ana03,4.2082957985023484e-07,0.004690457
grid,B2/Vex,revealed,emo02__cre04,6.320171119789109e-08,0.0060594617
grid,B2/Vex,revealed,emo02__hlp07,8.618357050238501e-08,0.00533424
grid,B2/Vex,revealed,emo03__ana08,6.250764350568261e-10,0.0018165241
grid,B2/Vex,revealed,emo05__slf02,7.572557692014925e-08,0.0042470857
grid,B2/Vex,revealed,emo06__cre08,2.9526517342226555e-10,0.0058488892
grid,B2/Vex,revealed,gry01__emo06,0.9999999999341174,0.99705523
grid,B2/Vex,revealed,gry01__hlp04,0.999999999891378,0.9953631
grid,B2/Vex,revealed,gry02__emo01,0.9999999998605266,0.99551475
grid,B2/Vex,revealed,gry02__hlp05,0.5146561055454644,0.5040045
grid,B2/Vex,revealed,gry03__emo04,0.9999999998209126,0.996302
grid,B2/Vex,revealed,gry03__hlp06,0.9999999989694233,0.9976137
grid,B2/Vex,revealed,gry04__hlp07,4.5136052762018153e-07,0.0144735165
grid,B2/Vex,revealed,gry04__pls02,0.6344707133174143,0.8029958
grid,B2/Vex,revealed,gry05__hlp08,0.998763676132377,0.78139216
grid,B2/Vex,revealed,gry05__pls01,0.999999998300866,0.99353826
grid,B2/Vex,revealed,gry06__hlp01,0.4999862380852571,0.38661113
grid,B2/Vex,revealed,gry06__pls06,0.9999999971986018,0.9862151
grid,B2/Vex,revealed,hlp01__rep06,0.9999994589394721,0.98445535
grid,B2/Vex,revealed,hlp03__emo01,0.9999999344647952,0.9894403
grid,B2/Vex,revealed,hlp03__rep05,0.4999977604038719,0.49773866
grid,B2/Vex,revealed,hlp04__ana07,0.00035627760632905847,0.27030003
grid,B2/Vex,revealed,hlp06__rep07,0.4999383152647754,0.48959225
grid,B2/Vex,revealed,hlp08__emo05,0.9999999923850105,0.99811375
grid,B2/Vex,revealed,int01__hlp01,0.9999985992656093,0.968678
grid,B2/Vex,revealed,int01__slf01,1.4570904003363694e-06,0.078654096
grid,B2/Vex,revealed,int02__ana05,3.960485480902776e-06,0.054280505
grid,B2/Vex,revealed,int03__ana05,0.5019733715234906,0.48294425
grid,B2/Vex,revealed,int04__cre04,0.9999992686233306,0.98729944
grid,B2/Vex,revealed,int04__emo03,0.9999999997047349,0.99845004
grid,B2/Vex,revealed,int05__ana06,0.4998987019062042,0.37697712
grid,B2/Vex,revealed,int06__cre05,0.9999996973580512,0.98724985
grid,B2/Vex,revealed,rep01__hlp04,0.5,0.47521263
grid,B2/Vex,revealed,rep03__ana07,0.4987638076091798,0.43639028
grid,B2/Vex,revealed,rep03__emo04,0.99999999406944,0.9954783
grid,B2/Vex,revealed,rep05__emo04,0.99999979460714,0.9910965
grid,B2/Vex,revealed,rep06__emo01,0.9999995823883585,0.98826015
grid,B2/Vex,revealed,rep07__cre07,0.9999999399085452,0.99272704
grid,B2/Vex,revealed,rep08__ana04,0.005493554855277694,0.13304703
grid,B2/Vex,revealed,rep08__cre03,0.9999892635489509,0.83475584
grid,B2/Vex,revealed,sig_feelings__sig_specs,3.995979588888865e-11,0.0050567454
grid,B2/Vex,revealed,sig_long__sig_short,0.5000000221395631,0.49982136
grid,B2/Vex,revealed,sig_roast__sig_bedtime,0.9999995825375338,0.9765435
grid,B2/Vex,revealed,slf01__hlp02,0.9999999964029336,0.9979884
grid,B2/Vex,revealed,slf02__rep04,1.855358977564947e-06,0.025861118
grid,B2/Vex,revealed,slf03__ana03,0.014678824692964554,0.2070899
grid,B2/Vex,revealed,slf04__rep02,0.0005848236165775234,0.16869012
grid,B2/Vex,stated_self,ana01__int03,8.318746154145629e-07,0.1679302
grid,B2/Vex,stated_self,ana01__slf04,0.9999999793003109,0.9886399
grid,B2/Vex,stated_self,ana02__hlp02,0.9999997478263083,0.9951612
grid,B2/Vex,stated_self,ana04__hlp05,0.9979646962420645,0.9039226
grid,B2/Vex,stated_self,ana08__rep04,0.9999343688032241,0.6677612
grid,B2/Vex,stated_self,avn01__hlp02,0.9999993145213466,0.9937304
grid,B2/Vex,stated_self,avn01__pls05,0.9999999437324227,0.996679
grid,B2/Vex,stated_self,avn02__hlp01,0.47628715598075644,0.4621639
grid,B2/Vex,stated_self,avn02__pls03,0.999999995381275,0.9967071
grid,B2/Vex,stated_self,avn03__hlp05,0.9999998085417019,0.99259675
grid,B2/Vex,stated_self,avn03__pls02,0.9999999793003109,0.99614215
grid,B2/Vex,stated_self,avn04__hlp06,0.9999622444856868,0.9327873
grid,B2/Vex,stated_self,avn04__pls01,0.9999999277509914,0.99655604
grid,B2/Vex,stated_self,avn05__hlp04,1.8454178416504874e-06,0.0102172885
grid,B2/Vex,stated_self,avn05__pls06,0.00045552527429926215,0.02467097
grid,B2/Vex,stated_self,avn06__hlp03,0.9995442955987528,0.9357989
grid,B2/Vex,stated_self,avn06__pls04,0.9999998470488975,0.99412316
grid,B2/Vex,stated_self,avn07__hlp08,0.9987635096767917,0.85903984
grid,B2/Vex,stated_self,avn07__pls05,0.999999995381275,0.9979366
grid,B2/Vex,stated_self,avn08__hlp07,0.9999997874442528,0.99687374
grid,B2/Vex,stated_self,avn08__pls03,0.9999999999600402,0.9968283
grid,B2/Vex,stated_self,cre01__int06,3.4128014192447154e-08,0.0018178633
grid,B2/Vex,stated_self,cre01__rep02,7.224900855362648e-08,0.0030010606
grid,B2/Vex,stated_self,cre02__hlp08,1.9825289427899406e-06,0.005802152
grid,B2/Vex,stated_self,cre03__ana02,3.2379739423049614e-07,0.0053032567
grid,B2/Vex,stated_self,cre05__ana06,4.618724958049825e-09,0.0028279298
grid,B2/Vex,stated_self,cre06__hlp05,6.180992579629674e-05,0.06985511
grid,B2/Vex,stated_self,cre06__hlp07,0.6867352724075317,0.65491396
grid,B2/Vex,stated_self,cre07__int05,1.6991339446548182e-09,0.0021806504
grid,B2/Vex,stated_self,cre08__ana03,7.614989527837679e-09,0.004196629
grid,B2/Vex,stated_self,emo02__cre04,3.8672109070603256e-08,0.001599751
grid,B2/Vex,stated_self,emo02__hlp07,3.4128014192447154e-08,0.001751813
grid,B2/Vex,stated_self,emo03__ana08,1.32328681345939e-09,0.0021144294
grid,B2/Vex,stated_self,emo05__slf02,6.938248553467474e-08,0.005999144
grid,B2/Vex,stated_self,emo06__cre08,1.1079745121378437e-08,0.001749124
grid,B2/Vex,stated_self,gry01__emo06,0.9999999923850105,0.99671364
grid,B2/Vex,stated_self,gry01__hlp04,0.9999974667773586,0.9871118
grid,B2/Vex,stated_self,gry02__emo01,0.9999999923850105,0.99712145
grid,B2/Vex,stated_self,gry02__hlp05,0.49999495112538384,0.47753727
grid,B2/Vex,stated_self,gry03__emo04,0.9999999734210743,0.9963683
grid,B2/Vex,stated_self,gry03__hlp06,0.9999999658719858,0.9976157
grid,B2/Vex,stated_self,gry04__hlp07,5.6267577264179636e-08,0.0019064075
grid,B2/Vex,stated_self,gry04__pls02,0.5054560303688049,0.66016054
grid,B2/Vex,stated_self,gry05__hlp08,5.349732816739561e-07,0.008590797
grid,B2/Vex,stated_self,gry05__pls01,0.9999949350044517,0.9745756
grid,B2/Vex,stated_self,gry06__hlp01,9.777840759284118e-09,0.0020043952
grid,B2/Vex,stated_self,gry06__pls06,6.211452273419127e-05,0.2661941
grid,B2/Vex,stated_self,hlp01__rep06,0.9999999278403591,0.98680633
grid,B2/Vex,stated_self,hlp03__emo01,0.9999999838790679,0.9974438
grid,B2/Vex,stated_self,hlp03__rep05,0.500003934833444,0.53280455
grid,B2/Vex,stated_self,hlp04__ana07,6.74198327033082e-06,0.031252414
grid,B2/Vex,stated_self,hlp06__rep07,0.4910295939025673,0.22486326
grid,B2/Vex,stated_self,hlp08__emo05,0.99999999406944,0.99614143
grid,B2/Vex,stated_self,int01__hlp01,0.999999569012374,0.982404
grid,B2/Vex,stated_self,int01__slf01,0.5011746142190532,0.5915951
grid,B2/Vex,stated_self,int02__ana05,0.00045944332669023424,0.08549157
grid,B2/Vex,stated_self,int03__ana05,0.634469598531723,0.62145776
grid,B2/Vex,stated_self,int04__cre04,0.9999984526053822,0.9721681
grid,B2/Vex,stated_self,int04__emo03,0.9999999923850105,0.99765104
grid,B2/Vex,stated_self,int05__ana06,0.03793415427207947,0.36048526
grid,B2/Vex,stated_self,int06__cre05,0.9999996762026058,0.9974413
grid,B2/Vex,stated_self,rep01__hlp04,0.9987635138672886,0.89953315
grid,B2/Vex,stated_self,rep03__ana07,0.32324106991291046,0.50508237
grid,B2/Vex,stated_self,rep03__emo04,0.9999999989694233,0.9941394
grid,B2/Vex,stated_self,rep05__emo04,0.9999999793003109,0.9962422
grid,B2/Vex,stated_self,rep06__emo01,0.999999995381275,0.9962109
grid,B2/Vex,stated_self,rep07__cre07,0.9999999874450038,0.99796784
grid,B2/Vex,stated_self,rep08__ana04,1.9643628661469847e-06,0.056731038
grid,B2/Vex,stated_self,rep08__cre03,0.9999999561787654,0.99731123
grid,B2/Vex,stated_self,sig_feelings__sig_specs,1.3947341892528442e-10,0.00816211
grid,B2/Vex,stated_self,sig_long__sig_short,0.9999999793003109,0.9955517
grid,B2/Vex,stated_self,sig_roast__sig_bedtime,0.9999625585052403,0.7902988
grid,B2/Vex,stated_self,slf01__hlp02,0.9999999561787654,0.99649954
grid,B2/Vex,stated_self,slf02__rep04,1.3089760386719718e-06,0.01240441
grid,B2/Vex,stated_self,slf03__ana03,0.014656322892278695,0.09235362
grid,B2/Vex,stated_self,slf04__rep02,7.224900855362648e-08,0.001982769
grid,B3/Lazlo,revealed,ana01__int03,0.9994152433987304,0.9285058
grid,B3/Lazlo,revealed,ana01__slf04,0.5,0.43469
grid,B3/Lazlo,revealed,ana02__hlp02,6.499378505830933e-06,0.058294337
grid,B3/Lazlo,revealed,ana04__hlp05,0.5001675822993974,0.6251668
grid,B3/Lazlo,revealed,ana08__rep04,0.49999913594936274,0.31378147
grid,B3/Lazlo,revealed,avn01__hlp02,1.2070876997949398e-07,0.03407123
grid,B3/Lazlo,revealed,avn01__pls05,5.074009795436041e-06,0.06397326
grid,B3/Lazlo,revealed,avn02__hlp01,0.3485824763774872,0.46636483
grid,B3/Lazlo,revealed,avn02__pls03,0.5016787350177765,0.5308633
grid,B3/Lazlo,revealed,avn03__hlp05,5.0929737316351975e-06,0.15428129
grid,B3/Lazlo,revealed,avn03__pls02,3.934614859590901e-06,0.047276475
grid,B3/Lazlo,revealed,avn04__hlp06,0.0005847599964825534,0.16138451
grid,B3/Lazlo,revealed,avn04__pls01,0.49973433314607973,0.49438542
grid,B3/Lazlo,revealed,avn05__hlp04,0.9994151763834225,0.783483
grid,B3/Lazlo,revealed,avn05__pls06,0.9994148328684389,0.74618745
grid,B3/Lazlo,revealed,avn06__hlp03,0.03004339003642187,0.22100969
grid,B3/Lazlo,revealed,avn06__pls04,1.8684436771110313e-06,0.14797923
grid,B3/Lazlo,revealed,avn07__hlp08,0.00703189113228575,0.2707165
grid,B3/Lazlo,revealed,avn07__pls05,0.005516161019841093,0.36590242
grid,B3/Lazlo,revealed,avn08__hlp07,1.076296407376276e-05,0.15613507
grid,B3/Lazlo,revealed,avn08__pls03,0.49964541696309084,0.46522957
grid,B3/Lazlo,revealed,cre01__int06,0.9999998805301398,0.96572757
grid,B3/Lazlo,revealed,cre01__rep02,0.999999575152497,0.97453046
grid,B3/Lazlo,revealed,cre02__hlp08,0.9853438172332467,0.8056312
grid,B3/Lazlo,revealed,cre03__ana02,0.8886498767312005,0.822926
grid,B3/Lazlo,revealed,cre05__ana06,0.9999988661884625,0.9494569
grid,B3/Lazlo,revealed,cre06__hlp05,0.9999916392287993,0.92455983
grid,B3/Lazlo,revealed,cre06__hlp07,0.9885109081648409,0.7367666
grid,B3/Lazlo,revealed,cre07__int05,0.9999985597106846,0.91255355
grid,B3/Lazlo,revealed,cre08__ana03,0.9999999401654025,0.9800207
grid,B3/Lazlo,revealed,emo02__cre04,0.2500000182674107,0.13458951
grid,B3/Lazlo,revealed,emo02__hlp07,0.00899316282262319,0.16037384
grid,B3/Lazlo,revealed,emo03__ana08,0.18877038025935278,0.25591493
grid,B3/Lazlo,revealed,emo05__slf02,0.40878765138162976,0.36358047
grid,B3/Lazlo,revealed,emo06__cre08,6.153001574915606e-08,0.05139131
grid,B3/Lazlo,revealed,gry01__emo06,0.00023233707179315388,0.39113238
grid,B3/Lazlo,revealed,gry01__hlp04,0.037929340050965266,0.2905687
grid,B3/Lazlo,revealed,gry02__emo01,0.9999968664304575,0.8968068
grid,B3/Lazlo,revealed,gry02__hlp05,4.04015136155067e-05,0.3397783
grid,B3/Lazlo,revealed,gry03__emo04,0.9999980594864581,0.83819586
grid,B3/Lazlo,revealed,gry03__hlp06,0.9853436213271323,0.77109706
grid,B3/Lazlo,revealed,gry04__hlp07,0.9999821783020479,0.842525
grid,B3/Lazlo,revealed,gry04__pls02,0.4999999403059876,0.5265908
grid,B3/Lazlo,revealed,gry05__hlp08,0.9997670597003889,0.6915777
grid,B3/Lazlo,revealed,gry05__pls01,0.99999908835116,0.7641829
grid,B3/Lazlo,revealed,gry06__hlp01,0.9999861971990427,0.9032856
grid,B3/Lazlo,revealed,gry06__pls06,0.9999999978182688,0.9377981
grid,B3/Lazlo,revealed,hlp01__rep06,0.9999997610946109,0.976726
grid,B3/Lazlo,revealed,hlp03__emo01,0.9999994401023784,0.9476982
grid,B3/Lazlo,revealed,hlp03__rep05,0.9999968969614053,0.95654213
grid,B3/Lazlo,revealed,hlp04__ana07,0.11135010333051198,0.19211613
grid,B3/Lazlo,revealed,hlp06__rep07,0.999962554056407,0.93517524
grid,B3/Lazlo,revealed,hlp08__emo05,0.999999102333262,0.9190697
grid,B3/Lazlo,revealed,int01__hlp01,2.396740787169449e-06,0.07924712
grid,B3/Lazlo,revealed,int01__slf01,0.4999991274434201,0.34613293
grid,B3/Lazlo,revealed,int02__ana05,0.0740235781877494,0.13557824
grid,B3/Lazlo,revealed,int03__ana05,0.0020350547586438505,0.1232055
grid,B3/Lazlo,revealed,int04__cre04,1.8743229137641038e-06,0.043586668
grid,B3/Lazlo,revealed,int04__emo03,0.49999864161357266,0.3494918
grid,B3/Lazlo,revealed,int05__ana06,0.46995669438142507,0.18208139
grid,B3/Lazlo,revealed,int06__cre05,5.974411819431591e-08,0.028615795
grid,B3/Lazlo,revealed,rep01__hlp04,0.4999997484516143,0.41318145
grid,B3/Lazlo,revealed,rep03__ana07,0.47628707082619215,0.16761246
grid,B3/Lazlo,revealed,rep03__emo04,0.49999995120681007,0.31893617
grid,B3/Lazlo,revealed,rep05__emo04,0.0007506026149433076,0.10513094
grid,B3/Lazlo,revealed,rep06__emo01,0.5000001368301703,0.6114317
grid,B3/Lazlo,revealed,rep07__cre07,6.169298907376941e-05,0.06535312
grid,B3/Lazlo,revealed,rep08__ana04,0.4999999371491235,0.42611963
grid,B3/Lazlo,revealed,rep08__cre03,0.00021526978959585108,0.09579151
grid,B3/Lazlo,revealed,sig_feelings__sig_specs,1.790873976892371e-10,0.032191023
grid,B3/Lazlo,revealed,sig_long__sig_short,2.1388939230870818e-11,0.015974756
grid,B3/Lazlo,revealed,sig_roast__sig_bedtime,0.047683096031505556,0.44791144
grid,B3/Lazlo,revealed,slf01__hlp02,1.432693205849489e-06,0.054043893
grid,B3/Lazlo,revealed,slf02__rep04,0.49999165336577844,0.19372092
grid,B3/Lazlo,revealed,slf03__ana03,0.9999995440953775,0.9336236
grid,B3/Lazlo,revealed,slf04__rep02,0.4999999413584604,0.55024874
grid,B3/Lazlo,stated_self,ana01__int03,0.999723491462646,0.7891488
grid,B3/Lazlo,stated_self,ana01__slf04,0.5007214546203613,0.55156636
grid,B3/Lazlo,stated_self,ana02__hlp02,2.880745419986397e-07,0.010481286
grid,B3/Lazlo,stated_self,ana04__hlp05,4.919831098959548e-06,0.1801184
grid,B3/Lazlo,stated_self,ana08__rep04,1.019845421978971e-05,0.12337518
grid,B3/Lazlo,stated_self,avn01__hlp02,1.787230985428323e-07,0.03834437
grid,B3/Lazlo,stated_self,avn01__pls05,0.0002794887695927173,0.3961984
grid,B3/Lazlo,stated_self,avn02__hlp01,0.5114872342284116,0.6139926
grid,B3/Lazlo,stated_self,avn02__pls03,0.991005047224462,0.66168904
grid,B3/Lazlo,stated_self,avn03__hlp05,1.318536533290171e-07,0.07105358
grid,B3/Lazlo,stated_self,avn03__pls02,1.970813450213882e-07,0.017321618
grid,B3/Lazlo,stated_self,avn04__hlp06,0.5379288494586945,0.6491306
grid,B3/Lazlo,stated_self,avn04__pls01,0.9999517699761782,0.8568823
grid,B3/Lazlo,stated_self,avn05__hlp04,0.9999969303355556,0.88961756
grid,B3/Lazlo,stated_self,avn05__pls06,0.9999480148835573,0.70692277
grid,B3/Lazlo,stated_self,avn06__hlp03,6.676368502667174e-05,0.28875992
grid,B3/Lazlo,stated_self,avn06__pls04,8.410314876527991e-06,0.19219396
grid,B3/Lazlo,stated_self,avn07__hlp08,0.49997735023498535,0.48967293
grid,B3/Lazlo,stated_self,avn07__pls05,0.5000389814376831,0.5088041
grid,B3/Lazlo,stated_self,avn08__hlp07,4.645641524803068e-07,0.017199222
grid,B3/Lazlo,stated_self,avn08__pls03,0.11138749867677689,0.40382048
grid,B3/Lazlo,stated_self,cre01__int06,0.9999999838790679,0.98949444
grid,B3/Lazlo,stated_self,cre01__rep02,0.9999995968550976,0.987787
grid,B3/Lazlo,stated_self,cre02__hlp08,0.9999957524945557,0.94179416
grid,B3/Lazlo,stated_self,cre03__ana02,0.9999987025959172,0.96826804
grid,B3/Lazlo,stated_self,cre05__ana06,0.9999999261686812,0.9858118
grid,B3/Lazlo,stated_self,cre06__hlp05,0.49571630358695984,0.45035017
grid,B3/Lazlo,stated_self,cre06__hlp07,8.889453511073953e-06,0.107841596
grid,B3/Lazlo,stated_self,cre07__int05,0.9999995286604673,0.973578
grid,B3/Lazlo,stated_self,cre08__ana03,0.9999999838790679,0.98876476
grid,B3/Lazlo,stated_self,emo02__cre04,3.2643573604218545e-06,0.07877287
grid,B3/Lazlo,stated_self,emo02__hlp07,6.854786533949664e-07,0.0147848595
grid,B3/Lazlo,stated_self,emo03__ana08,0.2500002384185791,0.36519215
grid,B3/Lazlo,stated_self,emo05__slf02,3.286616902187234e-06,0.11637047
grid,B3/Lazlo,stated_self,emo06__cre08,1.9458353506252024e-07,0.02559028
grid,B3/Lazlo,stated_self,gry01__emo06,0.0663381889462471,0.5395746
grid,B3/Lazlo,stated_self,gry01__hlp04,0.500212162733078,0.5917862
grid,B3/Lazlo,stated_self,gry02__emo01,0.999998077075702,0.9458934
grid,B3/Lazlo,stated_self,gry02__hlp05,1.9825289427899406e-06,0.18230926
grid,B3/Lazlo,stated_self,gry03__emo04,0.7499991059303284,0.6278725
grid,B3/Lazlo,stated_self,gry03__hlp06,0.9998077140335226,0.7225028
grid,B3/Lazlo,stated_self,gry04__hlp07,0.9997620388912765,0.7404775
grid,B3/Lazlo,stated_self,gry04__pls02,0.0026327267241867958,0.41555768
grid,B3/Lazlo,stated_self,gry05__hlp08,0.9999765858101455,0.883837
grid,B3/Lazlo,stated_self,gry05__pls01,0.9999976074527694,0.8992821
grid,B3/Lazlo,stated_self,gry06__hlp01,0.9998320799605551,0.86346424
grid,B3/Lazlo,stated_self,gry06__pls06,0.9999990477942049,0.94923437
grid,B3/Lazlo,stated_self,hlp01__rep06,0.9999999503440371,0.9881101
grid,B3/Lazlo,stated_self,hlp03__emo01,0.9999986597541692,0.98033255
grid,B3/Lazlo,stated_self,hlp03__rep05,0.9999997440022526,0.98168975
grid,B3/Lazlo,stated_self,hlp04__ana07,8.887750482244883e-06,0.12439729
grid,B3/Lazlo,stated_self,hlp06__rep07,0.9999905168015175,0.79796064
grid,B3/Lazlo,stated_self,hlp08__emo05,0.9999988698378957,0.936525
grid,B3/Lazlo,stated_self,int01__hlp01,4.894815219813609e-07,0.024445377
grid,B3/Lazlo,stated_self,int01__slf01,0.9987625800982869,0.8689215
grid,B3/Lazlo,stated_self,int02__ana05,1.8454178416504874e-06,0.05215892
grid,B3/Lazlo,stated_self,int03__ana05,1.7543088688398711e-06,0.084770046
grid,B3/Lazlo,stated_self,int04__cre04,9.510839049653441e-07,0.027834123
grid,B3/Lazlo,stated_self,int04__emo03,0.5015795528888702,0.41312927
grid,B3/Lazlo,stated_self,int05__ana06,3.117783364814386e-07,0.026182862
grid,B3/Lazlo,stated_self,int06__cre05,1.32328681345939e-09,0.010786637
grid,B3/Lazlo,stated_self,rep01__hlp04,0.04053911566734314,0.47150046
grid,B3/Lazlo,stated_self,rep03__ana07,0.9113202765583992,0.5204625
grid,B3/Lazlo,stated_self,rep03__emo04,0.5000303387641907,0.55166394
grid,B3/Lazlo,stated_self,rep05__emo04,6.694062051337824e-07,0.08439451
grid,B3/Lazlo,stated_self,rep06__emo01,0.9999994054220736,0.9753221
grid,B3/Lazlo,stated_self,rep07__cre07,8.682068397547482e-07,0.022961482
grid,B3/Lazlo,stated_self,rep08__ana04,0.4999996790061232,0.57070476
grid,B3/Lazlo,stated_self,rep08__cre03,7.029827315818693e-07,0.030709948
grid,B3/Lazlo,stated_self,sig_feelings__sig_specs,5.6267577264179636e-08,0.010310967
grid,B3/Lazlo,stated_self,sig_long__sig_short,7.083044151201534e-10,0.008021152
grid,B3/Lazlo,stated_self,sig_roast__sig_bedtime,0.5054454207420349,0.5875192
grid,B3/Lazlo,stated_self,slf01__hlp02,1.2336416688185636e-07,0.0077161295
grid,B3/Lazlo,stated_self,slf02__rep04,1.3089760386719718e-06,0.05354443
grid,B3/Lazlo,stated_self,slf03__ana03,0.9999995842360079,0.98852277
grid,B3/Lazlo,stated_self,slf04__rep02,0.005507229931026814,0.19470248
grid,B3/Mira,revealed,ana01__int03,4.811081453226507e-05,0.24953309
grid,B3/Mira,revealed,ana01__slf04,9.276955381665175e-08,0.031647317
grid,B3/Mira,revealed,ana02__hlp02,0.000276389328064397,0.17338824
grid,B3/Mira,revealed,ana04__hlp05,2.1817312401140043e-09,0.010961271
grid,B3/Mira,revealed,ana08__rep04,0.9999999196956662,0.99140096
grid,B3/Mira,revealed,avn01__hlp02,1.32328681345939e-09,0.0065274467
grid,B3/Mira,revealed,avn01__pls05,3.5264399039780514e-11,0.0049204524
grid,B3/Mira,revealed,avn02__hlp01,4.618724958049825e-09,0.023058206
grid,B3/Mira,revealed,avn02__pls03,2.5545444665847628e-12,0.0056319903
grid,B3/Mira,revealed,avn03__hlp05,6.250764350568261e-10,0.009341481
grid,B3/Mira,revealed,avn03__pls02,6.9439714395214125e-12,0.007690634
grid,B3/Mira,revealed,avn04__hlp06,4.868100367261263e-10,0.008273765
grid,B3/Mira,revealed,avn04__pls01,3.995979588888865e-11,0.006888791
grid,B3/Mira,revealed,avn05__hlp04,0.9999998476258014,0.9470489
grid,B3/Mira,revealed,avn05__pls06,0.00021527856006287038,0.33668932
grid,B3/Mira,revealed,avn06__hlp03,0.4997235834598541,0.45857844
grid,B3/Mira,revealed,avn06__pls04,6.250764350568261e-10,0.008152274
grid,B3/Mira,revealed,avn07__hlp08,0.009160772897303104,0.35830897
grid,B3/Mira,revealed,avn07__pls05,4.868100367261263e-10,0.004917445
grid,B3/Mira,revealed,avn08__hlp07,8.046879429457476e-07,0.13947596
grid,B3/Mira,revealed,avn08__pls03,8.459489359013972e-11,0.012803826
grid,B3/Mira,revealed,cre01__int06,0.6887679463457062,0.8221258
grid,B3/Mira,revealed,cre01__rep02,0.9999985718146718,0.8847356
grid,B3/Mira,revealed,cre02__hlp08,0.9999999838790679,0.97565883
grid,B3/Mira,revealed,cre03__ana02,0.9997847214399371,0.8212937
grid,B3/Mira,revealed,cre05__ana06,0.908786535237823,0.8038034
grid,B3/Mira,revealed,cre06__hlp05,2.881667455767456e-06,0.2260347
grid,B3/Mira,revealed,cre06__hlp07,0.9999946248572087,0.87840736
grid,B3/Mira,revealed,cre07__int05,0.9999999996208719,0.98389447
grid,B3/Mira,revealed,cre08__ana03,0.9999999793003109,0.9804195
grid,B3/Mira,revealed,emo02__cre04,0.9999999998209126,0.9940518
grid,B3/Mira,revealed,emo02__hlp07,0.9999999999600402,0.99414027
grid,B3/Mira,revealed,emo03__ana08,0.9999999999600402,0.9939567
grid,B3/Mira,revealed,emo05__slf02,0.999999999891378,0.9935584
grid,B3/Mira,revealed,emo06__cre08,0.9999999998605266,0.9965818
grid,B3/Mira,revealed,gry01__emo06,1.0103418969509281e-11,0.0029322503
grid,B3/Mira,revealed,gry01__hlp04,6.250764350568261e-10,0.004896428
grid,B3/Mira,revealed,gry02__emo01,5.4079709460586045e-12,0.009595804
grid,B3/Mira,revealed,gry02__hlp05,1.3947341892528442e-10,0.0039906856
grid,B3/Mira,revealed,gry03__emo04,1.7557111363711297e-12,0.0059467973
grid,B3/Mira,revealed,gry03__hlp06,3.7912800676664915e-10,0.011423826
grid,B3/Mira,revealed,gry04__hlp07,0.9999999971986018,0.9891644
grid,B3/Mira,revealed,gry04__pls02,1.2139102079089525e-07,0.028491693
grid,B3/Mira,revealed,gry05__hlp08,3.597066422500461e-09,0.009326499
grid,B3/Mira,revealed,gry05__pls01,4.5280383609291874e-11,0.0032605499
grid,B3/Mira,revealed,gry06__hlp01,0.059602171207870924,0.30215174
grid,B3/Mira,revealed,gry06__pls06,5.4079709460586045e-12,0.0040235603
grid,B3/Mira,revealed,hlp01__rep06,0.9999860783759544,0.93516743
grid,B3/Mira,revealed,hlp03__emo01,3.11207240533129e-11,0.0034345265
grid,B3/Mira,revealed,hlp03__rep05,0.999999995381275,0.99018806
grid,B3/Mira,revealed,hlp04__ana07,0.9999998646697783,0.9814732
grid,B3/Mira,revealed,hlp06__rep07,0.9999992686233306,0.9652722
grid,B3/Mira,revealed,hlp08__emo05,1.0862200028327607e-10,0.0041001528
grid,B3/Mira,revealed,int01__hlp01,0.9999991198284306,0.8863415
grid,B3/Mira,revealed,int01__slf01,9.206485973578538e-07,0.091617495
grid,B3/Mira,revealed,int02__ana05,0.09138045435247477,0.3319302
grid,B3/Mira,revealed,int03__ana05,0.4404212392819318,0.37763435
grid,B3/Mira,revealed,int04__cre04,0.7965735606849194,0.44742334
grid,B3/Mira,revealed,int04__emo03,1.0862200028327607e-10,0.0073842523
grid,B3/Mira,revealed,int05__ana06,0.999999877193644,0.93625283
grid,B3/Mira,revealed,int06__cre05,0.4999969546288412,0.33522576
grid,B3/Mira,revealed,rep01__hlp04,7.572557692014925e-08,0.017411761
grid,B3/Mira,revealed,rep03__ana07,0.5033464047814515,0.80500984
grid,B3/Mira,revealed,rep03__emo04,2.2543776741212884e-12,0.011108716
grid,B3/Mira,revealed,rep05__emo04,5.030196636827966e-13,0.0074302303
grid,B3/Mira,revealed,rep06__emo01,1.3673491592453013e-12,0.010482449
grid,B3/Mira,revealed,rep07__cre07,5.130940117226146e-11,0.008288217
grid,B3/Mira,revealed,rep08__ana04,0.9999980800070034,0.877404
grid,B3/Mira,revealed,rep08__cre03,1.32328681345939e-09,0.018265685
grid,B3/Mira,revealed,sig_feelings__sig_specs,0.9999999999990603,0.9854305
grid,B3/Mira,revealed,sig_long__sig_short,1.1911845376744168e-07,0.082451634
grid,B3/Mira,revealed,sig_roast__sig_bedtime,2.1388939230870818e-11,0.004687738
grid,B3/Mira,revealed,slf01__hlp02,0.2500002980232239,0.4103783
grid,B3/Mira,revealed,slf02__rep04,0.9999771818565932,0.80959946
grid,B3/Mira,revealed,slf03__ana03,0.9999999734210743,0.92407334
grid,B3/Mira,revealed,slf04__rep02,0.9999999437324227,0.98719096
grid,B3/Mira,stated_self,ana01__int03,0.000246889641857706,0.33991364
grid,B3/Mira,stated_self,ana01__slf04,8.756275929044932e-05,0.27061498
grid,B3/Mira,stated_self,ana02__hlp02,0.09121347963809967,0.39637074
grid,B3/Mira,stated_self,ana04__hlp05,1.255499615382405e-08,0.0053908154
grid,B3/Mira,stated_self,ana08__rep04,0.9999883834561842,0.7685132
grid,B3/Mira,stated_self,avn01__hlp02,3.3118813291821425e-07,0.015371204
grid,B3/Mira,stated_self,avn01__pls05,3.597066422500461e-09,0.018923221
grid,B3/Mira,stated_self,avn02__hlp01,6.854786533949664e-07,0.070229076
grid,B3/Mira,stated_self,avn02__pls03,3.7912800676664915e-10,0.014841175
grid,B3/Mira,stated_self,avn03__hlp05,6.72196343032283e-08,0.00985459
grid,B3/Mira,stated_self,avn03__pls02,4.618724958049825e-09,0.011623481
grid,B3/Mira,stated_self,avn04__hlp06,1.1301621043457999e-06,0.18726487
grid,B3/Mira,stated_self,avn04__pls01,9.777840759284118e-09,0.025282199
grid,B3/Mira,stated_self,avn05__hlp04,0.9999155933401198,0.72779775
grid,B3/Mira,stated_self,avn05__pls06,5.701836158777951e-07,0.2526328
grid,B3/Mira,stated_self,avn06__hlp03,0.001240245415829122,0.3398136
grid,B3/Mira,stated_self,avn06__pls04,1.255499615382405e-08,0.05441898
grid,B3/Mira,stated_self,avn07__hlp08,0.024463524227030575,0.42512822
grid,B3/Mira,stated_self,avn07__pls05,2.0699689073921945e-08,0.029121354
grid,B3/Mira,stated_self,avn08__hlp07,0.18877868354320526,0.4391008
grid,B3/Mira,stated_self,avn08__pls03,3.597066422500461e-09,0.030515771
grid,B3/Mira,stated_self,cre01__int06,0.500447154045105,0.6270391
grid,B3/Mira,stated_self,cre01__rep02,0.5089924037456512,0.60270846
grid,B3/Mira,stated_self,cre02__hlp08,0.9999380046865554,0.866665
grid,B3/Mira,stated_self,cre03__ana02,0.9999998470488975,0.8340482
grid,B3/Mira,stated_self,cre05__ana06,0.5021101236343384,0.5860954
grid,B3/Mira,stated_self,cre06__hlp05,0.00016785388288553804,0.3645077
grid,B3/Mira,stated_self,cre06__hlp07,0.5146554112434387,0.56313896
grid,B3/Mira,stated_self,cre07__int05,0.999999624792963,0.89943206
grid,B3/Mira,stated_self,cre08__ana03,0.9910067757591605,0.65926087
grid,B3/Mira,stated_self,emo02__cre04,0.9999999923850105,0.9536804
grid,B3/Mira,stated_self,emo02__hlp07,0.9999999971986018,0.9864831
grid,B3/Mira,stated_self,emo03__ana08,0.999999877193644,0.9792594
grid,B3/Mira,stated_self,emo05__slf02,0.9999998004863766,0.82219434
grid,B3/Mira,stated_self,emo06__cre08,0.9999999997047349,0.992245
grid,B3/Mira,stated_self,gry01__emo06,6.588257023265598e-11,0.0059719672
grid,B3/Mira,stated_self,gry01__hlp04,1.3533022169553988e-07,0.07698581
grid,B3/Mira,stated_self,gry02__emo01,3.597066422500461e-09,0.0051839757
grid,B3/Mira,stated_self,gry02__hlp05,6.250764350568261e-10,0.0025203219
grid,B3/Mira,stated_self,gry03__emo04,5.130940117226146e-11,0.014808158
grid,B3/Mira,stated_self,gry03__hlp06,9.777840759284118e-09,0.027406199
grid,B3/Mira,stated_self,gry04__hlp07,0.9999996688118671,0.92791927
grid,B3/Mira,stated_self,gry04__pls02,2.0539286005316626e-07,0.14957401
grid,B3/Mira,stated_self,gry05__hlp08,5.6267577264179636e-08,0.057439033
grid,B3/Mira,stated_self,gry05__pls01,1.3947341892528442e-10,0.0055406597
grid,B3/Mira,stated_self,gry06__hlp01,8.801715694062295e-07,0.13142352
grid,B3/Mira,stated_self,gry06__pls06,7.614989527837679e-09,0.019489055
grid,B3/Mira,stated_self,hlp01__rep06,0.49999696016311646,0.47458157
grid,B3/Mira,stated_self,hlp03__emo01,1.805130682708267e-07,0.019781973
grid,B3/Mira,stated_self,hlp03__rep05,0.9999993145213466,0.92452824
grid,B3/Mira,stated_self,hlp04__ana07,0.9999997478263083,0.96184516
grid,B3/Mira,stated_self,hlp06__rep07,0.5004547834396362,0.52944463
grid,B3/Mira,stated_self,hlp08__emo05,1.6120932144758626e-08,0.02625466
grid,B3/Mira,stated_self,int01__hlp01,0.9999993145213466,0.9170605
grid,B3/Mira,stated_self,int01__slf01,0.9565774500370026,0.55969393
grid,B3/Mira,stated_self,int02__ana05,0.09125020239662263,0.28152472
grid,B3/Mira,stated_self,int03__ana05,0.13781715650111437,0.44728345
grid,B3/Mira,stated_self,int04__cre04,0.650841236114502,0.40617216
grid,B3/Mira,stated_self,int04__emo03,1.228063559732817e-07,0.032995656
grid,B3/Mira,stated_self,int05__ana06,0.9999999072304462,0.8586035
grid,B3/Mira,stated_self,int06__cre05,0.5000226497650146,0.5038045
grid,B3/Mira,stated_self,rep01__hlp04,1.4185077816364355e-05,0.13893831
grid,B3/Mira,stated_self,rep03__ana07,0.9998755857395736,0.8030478
grid,B3/Mira,stated_self,rep03__emo04,5.930560043054811e-09,0.009573692
grid,B3/Mira,stated_self,rep05__emo04,1.0305767350615724e-09,0.009241717
grid,B3/Mira,stated_self,rep06__emo01,1.5295110245006072e-07,0.014428325
grid,B3/Mira,stated_self,rep07__cre07,1.9639310266938992e-07,0.05727625
grid,B3/Mira,stated_self,rep08__ana04,0.5054916143417358,0.5714286
grid,B3/Mira,stated_self,rep08__cre03,1.7678125004749745e-05,0.17802817
grid,B3/Mira,stated_self,sig_feelings__sig_specs,0.9999999999341174,0.9911692
grid,B3/Mira,stated_self,sig_long__sig_short,0.5089922249317169,0.52063704
grid,B3/Mira,stated_self,sig_roast__sig_bedtime,1.32328681345939e-09,0.007269943
grid,B3/Mira,stated_self,slf01__hlp02,0.09455917775630951,0.41362283
grid,B3/Mira,stated_self,slf02__rep04,0.9999999923850105,0.8844888
grid,B3/Mira,stated_self,slf03__ana03,0.9999999793003109,0.94241244
grid,B3/Mira,stated_self,slf04__rep02,0.9403966926038265,0.7238265
grid,B3/Vex,revealed,ana01__int03,1.1969609958750738e-07,0.14564683
grid,B3/Vex,revealed,ana01__slf04,0.5379153192043304,0.5605793
grid,B3/Vex,revealed,ana02__hlp02,0.99999999406944,0.9592818
grid,B3/Vex,revealed,ana04__hlp05,0.9396479390561581,0.56351167
grid,B3/Vex,revealed,ana08__rep04,0.9999960222722102,0.87323046
grid,B3/Vex,revealed,avn01__hlp02,0.9999999996208719,0.9851948
grid,B3/Vex,revealed,avn01__pls05,0.9999999999688793,0.9847804
grid,B3/Vex,revealed,avn02__hlp01,0.9999999998605266,0.9730236
grid,B3/Vex,revealed,avn02__pls03,0.9999999999688793,0.9777341
grid,B3/Vex,revealed,avn03__hlp05,0.9999999923850105,0.9331878
grid,B3/Vex,revealed,avn03__pls02,0.99999999951319,0.97554016
grid,B3/Vex,revealed,avn04__hlp06,0.9999999989694233,0.98514545
grid,B3/Vex,revealed,avn04__pls01,0.9999999993749236,0.986336
grid,B3/Vex,revealed,avn05__hlp04,0.6344688832759857,0.60508895
grid,B3/Vex,revealed,avn05__pls06,0.999999999891378,0.97701955
grid,B3/Vex,revealed,avn06__hlp03,0.9999999993749236,0.98327017
grid,B3/Vex,revealed,avn06__pls04,0.9999999793003109,0.8680779
grid,B3/Vex,revealed,avn07__hlp08,0.9999998805607577,0.96236813
grid,B3/Vex,revealed,avn07__pls05,0.9999999999980105,0.9872756
grid,B3/Vex,revealed,avn08__hlp07,0.9999999357766303,0.9585128
grid,B3/Vex,revealed,avn08__pls03,0.9999999999898965,0.98444784
grid,B3/Vex,revealed,cre01__int06,1.0862200028327607e-10,0.029870352
grid,B3/Vex,revealed,cre01__rep02,4.177193234644605e-07,0.04254166
grid,B3/Vex,revealed,cre02__hlp08,7.572557692014925e-08,0.18960102
grid,B3/Vex,revealed,cre03__ana02,1.32328681345939e-09,0.06844619
grid,B3/Vex,revealed,cre05__ana06,4.618724958049825e-09,0.055918843
grid,B3/Vex,revealed,cre06__hlp05,0.09124191105365753,0.43021476
grid,B3/Vex,revealed,cre06__hlp07,0.49450963735580444,0.46725756
grid,B3/Vex,revealed,cre07__int05,6.250764350568261e-10,0.02105978
grid,B3/Vex,revealed,cre08__ana03,2.2995279291837534e-10,0.024377879
grid,B3/Vex,revealed,emo02__cre04,6.130377872004544e-08,0.03964507
grid,B3/Vex,revealed,emo02__hlp07,9.777840759284118e-09,0.03438469
grid,B3/Vex,revealed,emo03__ana08,1.32328681345939e-09,0.011762726
grid,B3/Vex,revealed,emo05__slf02,4.618724958049825e-09,0.04345209
grid,B3/Vex,revealed,emo06__cre08,3.7912800676664915e-10,0.024745047
grid,B3/Vex,revealed,gry01__emo06,0.9999999999885514,0.98013437
grid,B3/Vex,revealed,gry01__hlp04,0.9999999999253453,0.9820173
grid,B3/Vex,revealed,gry02__emo01,0.99999999951319,0.98505425
grid,B3/Vex,revealed,gry02__hlp05,0.999999999197386,0.96768594
grid,B3/Vex,revealed,gry03__emo04,0.9999999999341174,0.99035525
grid,B3/Vex,revealed,gry03__hlp06,0.999999999891378,0.99140495
grid,B3/Vex,revealed,gry04__hlp07,3.3118813291821425e-07,0.17401473
grid,B3/Vex,revealed,gry04__pls02,0.49983377608702995,0.47713363
grid,B3/Vex,revealed,gry05__hlp08,0.999999999891378,0.973695
grid,B3/Vex,revealed,gry05__pls01,0.9999999997047349,0.98820555
grid,B3/Vex,revealed,gry06__hlp01,0.9999995768369265,0.86589956
grid,B3/Vex,revealed,gry06__pls06,0.999999999993056,0.9786889
grid,B3/Vex,revealed,hlp01__rep06,1.966862441804551e-06,0.2749268
grid,B3/Vex,revealed,hlp03__emo01,0.9999998965741206,0.895947
grid,B3/Vex,revealed,hlp03__rep05,6.504521270045416e-06,0.14837949
grid,B3/Vex,revealed,hlp04__ana07,0.13474713265895844,0.43805194
grid,B3/Vex,revealed,hlp06__rep07,5.998377278215727e-08,0.035696723
grid,B3/Vex,revealed,hlp08__emo05,0.9999999989694233,0.9790976
grid,B3/Vex,revealed,int01__hlp01,0.9999981545821583,0.73611826
grid,B3/Vex,revealed,int01__slf01,0.9987637004825505,0.79666036
grid,B3/Vex,revealed,int02__ana05,7.215964092921467e-08,0.17472544
grid,B3/Vex,revealed,int03__ana05,0.5007503389898318,0.56083834
grid,B3/Vex,revealed,int04__cre04,0.9999987780795436,0.7068185
grid,B3/Vex,revealed,int04__emo03,0.9999999989694233,0.9822264
grid,B3/Vex,revealed,int05__ana06,6.553520481844544e-08,0.1340474
grid,B3/Vex,revealed,int06__cre05,0.999999937593957,0.8369112
grid,B3/Vex,revealed,rep01__hlp04,0.9995421087573959,0.6705799
grid,B3/Vex,revealed,rep03__ana07,0.9997235568809284,0.7947983
grid,B3/Vex,revealed,rep03__emo04,0.999999999197386,0.9754173
grid,B3/Vex,revealed,rep05__emo04,0.9999999400162272,0.9859483
grid,B3/Vex,revealed,rep06__emo01,0.9999999999041413,0.9818857
grid,B3/Vex,revealed,rep07__cre07,0.9999999999341174,0.9763648
grid,B3/Vex,revealed,rep08__ana04,0.9999708516295709,0.92887354
grid,B3/Vex,revealed,rep08__cre03,0.9999988673326619,0.96639776
grid,B3/Vex,revealed,sig_feelings__sig_specs,2.9526517342226555e-10,0.025684237
grid,B3/Vex,revealed,sig_long__sig_short,0.9999892683625422,0.9525305
grid,B3/Vex,revealed,sig_roast__sig_bedtime,0.9999999999982443,0.9815814
grid,B3/Vex,revealed,slf01__hlp02,0.9999999902221592,0.92533696
grid,B3/Vex,revealed,slf02__rep04,5.400388694010161e-07,0.06947131
grid,B3/Vex,revealed,slf03__ana03,2.406003103416765e-07,0.081745684
grid,B3/Vex,revealed,slf04__rep02,0.5909975171089172,0.5647627
grid,B3/Vex,stated_self,ana01__int03,1.3121383290126687e-05,0.25335014
grid,B3/Vex,stated_self,ana01__slf04,0.9999984503700716,0.8521034
grid,B3/Vex,stated_self,ana02__hlp02,0.9999996762026058,0.88599116
grid,B3/Vex,stated_self,ana04__hlp05,0.49999457597732544,0.50547683
grid,B3/Vex,stated_self,ana08__rep04,0.4957428276538849,0.4585119
grid,B3/Vex,stated_self,avn01__hlp02,0.9999999734210743,0.9860307
grid,B3/Vex,stated_self,avn01__pls05,0.9999999874450038,0.99394083
grid,B3/Vex,stated_self,avn02__hlp01,0.9999999932797952,0.99155873
grid,B3/Vex,stated_self,avn02__pls03,0.9999999978182688,0.99093467
grid,B3/Vex,stated_self,avn03__hlp05,0.9945065290667117,0.6432154
grid,B3/Vex,stated_self,avn03__pls02,0.9999998470488975,0.9764745
grid,B3/Vex,stated_self,avn04__hlp06,0.9999999874450038,0.99381936
grid,B3/Vex,stated_self,avn04__pls01,0.9999999874450038,0.9859059
grid,B3/Vex,stated_self,avn05__hlp04,0.5,0.5225296
grid,B3/Vex,stated_self,avn05__pls06,0.9999999138164295,0.9649788
grid,B3/Vex,stated_self,avn06__hlp03,0.9999999072304462,0.94410455
grid,B3/Vex,stated_self,avn06__pls04,0.9999999658719858,0.96885824
grid,B3/Vex,stated_self,avn07__hlp08,0.9999999138164295,0.9753717
grid,B3/Vex,stated_self,avn07__pls05,0.9999999975277747,0.9951999
grid,B3/Vex,stated_self,avn08__hlp07,0.9999999277509914,0.95558065
grid,B3/Vex,stated_self,avn08__pls03,0.999999995381275,0.9902792
grid,B3/Vex,stated_self,cre01__int06,1.9639310266938992e-07,0.02002719
grid,B3/Vex,stated_self,cre01__rep02,3.2379739423049614e-07,0.030636229
grid,B3/Vex,stated_self,cre02__hlp08,2.0421335875653313e-06,0.18416134
grid,B3/Vex,stated_self,cre03__ana02,2.52173691706048e-07,0.04095663
grid,B3/Vex,stated_self,cre05__ana06,7.224900855362648e-08,0.022632876
grid,B3/Vex,stated_self,cre06__hlp05,0.4853469729423523,0.47655883
grid,B3/Vex,stated_self,cre06__hlp07,0.9617944955825806,0.6127169
grid,B3/Vex,stated_self,cre07__int05,3.0117867311219015e-08,0.01047385
grid,B3/Vex,stated_self,cre08__ana03,9.276955381665175e-08,0.017900752
grid,B3/Vex,stated_self,emo02__cre04,4.382123464097276e-08,0.03769492
grid,B3/Vex,stated_self,emo02__hlp07,1.1911845376744168e-07,0.017022908
grid,B3/Vex,stated_self,emo03__ana08,5.6267577264179636e-08,0.005836634
grid,B3/Vex,stated_self,emo05__slf02,2.0699689073921945e-08,0.04564058
grid,B3/Vex,stated_self,emo06__cre08,5.6267577264179636e-08,0.037740435
grid,B3/Vex,stated_self,gry01__emo06,0.999999995381275,0.9913681
grid,B3/Vex,stated_self,gry01__hlp04,0.9999999437324227,0.9807389
grid,B3/Vex,stated_self,gry02__emo01,0.9999998036068973,0.9929215
grid,B3/Vex,stated_self,gry02__hlp05,0.9999985488440188,0.7059823
grid,B3/Vex,stated_self,gry03__emo04,0.99999999406944,0.9909694
grid,B3/Vex,stated_self,gry03__hlp06,0.9999999437324227,0.99348855
grid,B3/Vex,stated_self,gry04__hlp07,6.175689486553892e-05,0.2951916
grid,B3/Vex,stated_self,gry04__pls02,0.4999603033065796,0.493
grid,B3/Vex,stated_self,gry05__hlp08,0.9999979578664124,0.85033214
grid,B3/Vex,stated_self,gry05__pls01,0.99999999406944,0.98084545
grid,B3/Vex,stated_self,gry06__hlp01,4.659887054003775e-06,0.24791312
grid,B3/Vex,stated_self,gry06__pls06,0.9999999734210743,0.94855595
grid,B3/Vex,stated_self,hlp01__rep06,1.3887054592487402e-05,0.124445625
grid,B3/Vex,stated_self,hlp03__emo01,0.9999993145213466,0.9284701
grid,B3/Vex,stated_self,hlp03__rep05,5.363509671951761e-07,0.04564437
grid,B3/Vex,stated_self,hlp04__ana07,0.0020359628833830357,0.30531868
grid,B3/Vex,stated_self,hlp06__rep07,1.2382801450883107e-07,0.007740116
grid,B3/Vex,stated_self,hlp08__emo05,0.9999998470488975,0.96766686
grid,B3/Vex,stated_self,int01__hlp01,0.9999694238558732,0.69617474
grid,B3/Vex,stated_self,int01__slf01,0.9999911122495178,0.76798123
grid,B3/Vex,stated_self,int02__ana05,0.059630606323480606,0.40853965
grid,B3/Vex,stated_self,int03__ana05,0.6887652575969696,0.5700209
grid,B3/Vex,stated_self,int04__cre04,0.9992443337127952,0.5783743
grid,B3/Vex,stated_self,int04__emo03,0.9999999734210743,0.96674037
grid,B3/Vex,stated_self,int05__ana06,1.2493713938965811e-06,0.14482565
grid,B3/Vex,stated_self,int06__cre05,0.9996451647893991,0.5809606
grid,B3/Vex,stated_self,rep01__hlp04,0.9999981256770862,0.9773065
grid,B3/Vex,stated_self,rep03__ana07,0.9999990793514026,0.95363784
grid,B3/Vex,stated_self,rep03__emo04,0.9999999658719858,0.985317
grid,B3/Vex,stated_self,rep05__emo04,0.9999999613278909,0.99376553
grid,B3/Vex,stated_self,rep06__emo01,0.9999999561787654,0.9904703
grid,B3/Vex,stated_self,rep07__cre07,0.999999995381275,0.9889428
grid,B3/Vex,stated_self,rep08__ana04,0.9999948773376168,0.95202756
grid,B3/Vex,stated_self,rep08__cre03,0.9999999658719858,0.98597544
grid,B3/Vex,stated_self,sig_feelings__sig_specs,4.618724958049825e-09,0.025095547
grid,B3/Vex,stated_self,sig_long__sig_short,0.9999998036068973,0.9540936
grid,B3/Vex,stated_self,sig_roast__sig_bedtime,0.9999999932797952,0.9905257
grid,B3/Vex,stated_self,slf01__hlp02,0.9999998036068973,0.8432253
grid,B3/Vex,stated_self,slf02__rep04,4.382123464097276e-08,0.078996725
grid,B3/Vex,stated_self,slf03__ana03,3.6332929198579222e-06,0.20361048
grid,B3/Vex,stated_self,slf04__rep02,6.541825712247373e-07,0.18398015
grid,B4/-,revealed,ana01__int03,0.9966428456827998,0.9306294
grid,B4/-,revealed,ana01__slf04,0.999999258165337,0.99515855
grid,B4/-,revealed,ana02__hlp02,0.999998420451675,0.9777965
grid,B4/-,revealed,ana04__hlp05,0.9999957703963673,0.9802463
grid,B4/-,revealed,ana08__rep04,0.9999804341008485,0.98753023
grid,B4/-,revealed,avn01__hlp02,1.787230985428323e-07,0.0005976334
grid,B4/-,revealed,avn01__pls05,1.9951362340009382e-07,0.0005802555
grid,B4/-,revealed,avn02__hlp01,1.919992996590736e-06,0.001765092
grid,B4/-,revealed,avn02__pls03,2.9468615636574214e-07,0.001024104
grid,B4/-,revealed,avn03__hlp05,0.9999902041937503,0.9877333
grid,B4/-,revealed,avn03__pls02,0.9987632944963991,0.696987
grid,B4/-,revealed,avn04__hlp06,4.5097432632701384e-07,0.001038847
grid,B4/-,revealed,avn04__pls01,3.286616902187234e-06,0.002263656
grid,B4/-,revealed,avn05__hlp04,0.462079256772995,0.22473967
grid,B4/-,revealed,avn05__pls06,0.5236112177371979,0.55925393
grid,B4/-,revealed,avn06__hlp03,9.116488399740774e-07,0.0022693817
grid,B4/-,revealed,avn06__pls04,1.595427306710917e-06,0.0035610483
grid,B4/-,revealed,avn07__hlp08,0.9999874078442872,0.9807441
grid,B4/-,revealed,avn07__pls05,0.5001645684242249,0.5302503
grid,B4/-,revealed,avn08__hlp07,0.503332644701004,0.6726861
grid,B4/-,revealed,avn08__pls03,0.9999950372388184,0.980327
grid,B4/-,revealed,cre01__int06,0.0009635862666073081,0.2636621
grid,B4/-,revealed,cre01__rep02,8.416899277108314e-06,0.0039628046
grid,B4/-,revealed,cre02__hlp08,0.04767979308962822,0.029019086
grid,B4/-,revealed,cre03__ana02,1.8683884945858154e-06,0.01788435
grid,B4/-,revealed,cre05__ana06,1.5793831607879838e-05,0.05840107
grid,B4/-,revealed,cre06__hlp05,0.9999364549657912,0.9940071
grid,B4/-,revealed,cre06__hlp07,0.5000417828559875,0.6437707
grid,B4/-,revealed,cre07__int05,0.4999433755874634,0.49151987
grid,B4/-,revealed,cre08__ana03,5.262787908577593e-06,0.00635898
grid,B4/-,revealed,emo02__cre04,0.49990662932395935,0.4316217
grid,B4/-,revealed,emo02__hlp07,0.5000147223472595,0.57440794
grid,B4/-,revealed,emo03__ana08,1.3846619424384699e-06,0.0017299358
grid,B4/-,revealed,emo05__slf02,0.9999984767189716,0.9977776
grid,B4/-,revealed,emo06__cre08,0.497398316860199,0.1466648
grid,B4/-,revealed,gry01__emo06,1.1258915947109926e-05,0.0075937263
grid,B4/-,revealed,gry01__hlp04,2.0539286005316626e-07,0.00040825005
grid,B4/-,revealed,gry02__emo01,4.187319938564471e-07,0.0026428166
grid,B4/-,revealed,gry02__hlp05,1.1531879398063438e-06,0.001261154
grid,B4/-,revealed,gry03__emo04,1.5795483250258258e-06,0.0039210357
grid,B4/-,revealed,gry03__hlp06,7.00599366609822e-06,0.010014601
grid,B4/-,revealed,gry04__hlp07,5.02611328556668e-07,0.0006042188
grid,B4/-,revealed,gry04__pls02,3.977727789816754e-06,0.0015233092
grid,B4/-,revealed,gry05__hlp08,1.5027604831630015e-06,0.0010697606
grid,B4/-,revealed,gry05__pls01,1.5482522428555967e-06,0.0016446663
grid,B4/-,revealed,gry06__hlp01,0.009641861077398062,0.09522322
grid,B4/-,revealed,gry06__pls06,3.831188848835154e-05,0.023918139
grid,B4/-,revealed,hlp01__rep06,0.9999964847944796,0.9979255
grid,B4/-,revealed,hlp03__emo01,0.000773300533182919,0.20674063
grid,B4/-,revealed,hlp03__rep05,0.999994517841202,0.9956755
grid,B4/-,revealed,hlp04__ana07,0.611346960067749,0.9601538
grid,B4/-,revealed,hlp06__rep07,0.9087734528711735,0.64729464
grid,B4/-,revealed,hlp08__emo05,0.999990775178162,0.9890245
grid,B4/-,revealed,int01__hlp01,0.749998152256012,0.80468774
grid,B4/-,revealed,int01__slf01,0.535319060087204,0.6522316
grid,B4/-,revealed,int02__ana05,1.1310197294278623e-06,0.0059842155
grid,B4/-,revealed,int03__ana05,5.491988758876687e-06,0.014704886
grid,B4/-,revealed,int04__cre04,0.9910037955269217,0.97140807
grid,B4/-,revealed,int04__emo03,0.9999947372120914,0.9803953
grid,B4/-,revealed,int05__ana06,0.5000123381614685,0.5638337
grid,B4/-,revealed,int06__cre05,0.9620532339977217,0.60191756
grid,B4/-,revealed,rep01__hlp04,0.07404129952192307,0.09159149
grid,B4/-,revealed,rep03__ana07,0.4158190190792084,0.54046404
grid,B4/-,revealed,rep03__emo04,0.4997912347316742,0.42023382
grid,B4/-,revealed,rep05__emo04,1.2178670658613555e-06,0.001699246
grid,B4/-,revealed,rep06__emo01,1.8575218287963935e-06,0.0028760564
grid,B4/-,revealed,rep07__cre07,0.5000909910186238,0.48745498
grid,B4/-,revealed,rep08__ana04,0.2500177025794983,0.33531708
grid,B4/-,revealed,rep08__cre03,0.4945066571235657,0.32936275
grid,B4/-,revealed,sig_feelings__sig_specs,0.999992969242328,0.9891569
grid,B4/-,revealed,sig_long__sig_short,0.9086566120386124,0.83684075
grid,B4/-,revealed,sig_roast__sig_bedtime,1.682685166315423e-06,0.001144997
grid,B4/-,revealed,slf01__hlp02,0.9999177133399826,0.9201214
grid,B4/-,revealed,slf02__rep04,4.297875095815584e-07,0.0023389263
grid,B4/-,revealed,slf03__ana03,8.682068397547482e-07,0.0026641916
grid,B4/-,revealed,slf04__rep02,1.966862441804551e-06,0.0027994476
grid,B4/-,stated_self,ana01__int03,0.988493612036109,0.5729772
grid,B4/-,stated_self,ana01__slf04,0.9999958697003422,0.97738075
grid,B4/-,stated_self,ana02__hlp02,0.9999949228804326,0.9499564
grid,B4/-,stated_self,ana04__hlp05,0.9999907552200966,0.8172772
grid,B4/-,stated_self,ana08__rep04,1.6695360500307288e-05,0.04845587
grid,B4/-,stated_self,avn01__hlp02,4.204575361654861e-06,0.016198816
grid,B4/-,stated_self,avn01__pls05,3.835341772173706e-06,0.006020952
grid,B4/-,stated_self,avn02__hlp01,2.7999497831388e-06,0.0030157878
grid,B4/-,stated_self,avn02__pls03,6.912670272640753e-06,0.009958273
grid,B4/-,stated_self,avn03__hlp05,0.9996443653508322,0.64328027
grid,B4/-,stated_self,avn03__pls02,0.9979598834202079,0.90556896
grid,B4/-,stated_self,avn04__hlp06,0.005507239606231451,0.45601863
grid,B4/-,stated_self,avn04__pls01,0.9998964213540376,0.8482835
grid,B4/-,stated_self,avn05__hlp04,0.49740374088287354,0.46175447
grid,B4/-,stated_self,avn05__pls06,0.0002098416880471632,0.12404234
grid,B4/-,stated_self,avn06__hlp03,3.0696644444105914e-06,0.011970421
grid,B4/-,stated_self,avn06__pls04,1.2854393531824826e-06,0.0138410535
grid,B4/-,stated_self,avn07__hlp08,0.5139055252075195,0.5863216
grid,B4/-,stated_self,avn07__pls05,0.5070026516914368,0.5351449
grid,B4/-,stated_self,avn08__hlp07,0.5012255609035492,0.5473688
grid,B4/-,stated_self,avn08__pls03,0.9999957703963673,0.90314925
grid,B4/-,stated_self,cre01__int06,0.5015798509120941,0.5298987
grid,B4/-,stated_self,cre01__rep02,0.001238695695064962,0.37283242
grid,B4/-,stated_self,cre02__hlp08,0.49990901350975037,0.45167112
grid,B4/-,stated_self,cre03__ana02,0.49972596764564514,0.48818377
grid,B4/-,stated_self,cre05__ana06,0.49992913007736206,0.49310386
grid,B4/-,stated_self,cre06__hlp05,0.9999916486913207,0.8993877
grid,B4/-,stated_self,cre06__hlp07,0.8394587337970734,0.7255269
grid,B4/-,stated_self,cre07__int05,0.0001903844386106357,0.39389595
grid,B4/-,stated_self,cre08__ana03,0.500004231929779,0.4988319
grid,B4/-,stated_self,emo02__cre04,9.030128921949654e-06,0.05881869
grid,B4/-,stated_self,emo02__hlp07,1.9875977841365966e-06,0.03551121
grid,B4/-,stated_self,emo03__ana08,3.979613097726542e-06,0.01053324
grid,B4/-,stated_self,emo05__slf02,0.0012843409494962543,0.21123236
grid,B4/-,stated_self,emo06__cre08,0.4885152578353882,0.43725878
grid,B4/-,stated_self,gry01__emo06,6.326453785732156e-06,0.016982399
grid,B4/-,stated_self,gry01__hlp04,3.286616902187234e-06,0.0022242996
grid,B4/-,stated_self,gry02__emo01,1.2854393531824826e-06,0.024244763
grid,B4/-,stated_self,gry02__hlp05,6.53060681088391e-07,0.005210865
grid,B4/-,stated_self,gry03__emo04,3.09933766402537e-05,0.0890699
grid,B4/-,stated_self,gry03__hlp06,0.499787837266922,0.48966366
grid,B4/-,stated_self,gry04__hlp07,1.9825289427899406e-06,0.004213469
grid,B4/-,stated_self,gry04__pls02,2.1715413822676055e-06,0.041070737
grid,B4/-,stated_self,gry05__hlp08,4.962761181559472e-06,0.006527067
grid,B4/-,stated_self,gry05__pls01,4.962761181559472e-06,0.06492297
grid,B4/-,stated_self,gry06__hlp01,5.491988758876687e-06,0.017065313
grid,B4/-,stated_self,gry06__pls06,6.476289445345174e-05,0.071775146
grid,B4/-,stated_self,hlp01__rep06,0.9087853573968232,0.7359884
grid,B4/-,stated_self,hlp03__emo01,0.9999976184046204,0.97130466
grid,B4/-,stated_self,hlp03__rep05,0.3396685719490051,0.396822
grid,B4/-,stated_self,hlp04__ana07,2.9779060923829093e-06,0.033331536
grid,B4/-,stated_self,hlp06__rep07,3.927085708710365e-05,0.15055488
grid,B4/-,stated_self,hlp08__emo05,0.9999985833866276,0.993446
grid,B4/-,stated_self,int01__hlp01,0.4999815821647644,0.51098156
grid,B4/-,stated_self,int01__slf01,0.5377138257026672,0.50467646
grid,B4/-,stated_self,int02__ana05,0.0008298194006783888,0.16932772
grid,B4/-,stated_self,int03__ana05,0.11180558509659022,0.39535862
grid,B4/-,stated_self,int04__cre04,0.5001302361488342,0.52234524
grid,B4/-,stated_self,int04__emo03,0.9999925410579635,0.8670095
grid,B4/-,stated_self,int05__ana06,0.5186343193054199,0.6161875
grid,B4/-,stated_self,int06__cre05,0.4997912347316742,0.4843069
grid,B4/-,stated_self,rep01__hlp04,0.9999957703963673,0.9727019
grid,B4/-,stated_self,rep03__ana07,0.5002149547626686,0.7243737
grid,B4/-,stated_self,rep03__emo04,0.9999964856521046,0.93296486
grid,B4/-,stated_self,rep05__emo04,0.8111922293901443,0.5796591
grid,B4/-,stated_self,rep06__emo01,0.9999978335882815,0.97689533
grid,B4/-,stated_self,rep07__cre07,0.9999742016243545,0.7908701
grid,B4/-,stated_self,rep08__ana04,0.030054055154323578,0.47116813
grid,B4/-,stated_self,rep08__cre03,0.49999433755874634,0.49757
grid,B4/-,stated_self,sig_feelings__sig_specs,0.000130742697479036,0.053875178
grid,B4/-,stated_self,sig_long__sig_short,0.9999008860795584,0.83047545
grid,B4/-,stated_self,sig_roast__sig_bedtime,1.0207969921793847e-05,0.067402676
grid,B4/-,stated_self,slf01__hlp02,0.5,0.51897824
grid,B4/-,stated_self,slf02__rep04,1.4182384688865568e-06,0.0047310283
grid,B4/-,stated_self,slf03__ana03,0.311291366815567,0.48482
grid,B4/-,stated_self,slf04__rep02,2.0999176797431574e-06,0.010899855
hyst,H_t0/Vex,revealed,ana01__slf04,0.9984097247943282,0.98610735
hyst,H_t0/Vex,revealed,ana02__hlp02,0.999996704165369,0.9949683
hyst,H_t0/Vex,revealed,avn01__hlp02,2.0699689073921945e-08,0.0002939374
hyst,H_t0/Vex,revealed,avn01__pls05,4.868100367261263e-10,0.0004613763
hyst,H_t0/Vex,revealed,avn02__hlp01,2.4404533682798046e-06,0.0036745083
hyst,H_t0/Vex,revealed,avn02__pls03,2.801398224505647e-09,0.00050278497
hyst,H_t0/Vex,revealed,avn03__hlp05,0.9999962889363587,0.9941255
hyst,H_t0/Vex,revealed,avn03__pls02,6.693299383186968e-06,0.0040168976
hyst,H_t0/Vex,revealed,avn04__hlp06,1.255499615382405e-08,0.00057020376
hyst,H_t0/Vex,revealed,avn04__pls01,2.6578925726994385e-08,0.00054353493
hyst,H_t0/Vex,revealed,cre06__hlp07,0.9973792084492743,0.9752881
hyst,H_t0/Vex,revealed,gry01__emo06,4.382123464097276e-08,0.0004483902
hyst,H_t0/Vex,revealed,gry01__hlp04,2.801398224505647e-09,0.00025221682
hyst,H_t0/Vex,revealed,gry02__emo01,6.588257023265598e-11,0.0025038512
hyst,H_t0/Vex,revealed,gry02__hlp05,7.215964092921467e-08,0.00088420743
hyst,H_t0/Vex,revealed,gry03__emo04,4.382123464097276e-08,0.0010964735
hyst,H_t0/Vex,revealed,gry03__hlp06,0.0004560620291158557,0.022658117
hyst,H_t0/Vex,revealed,hlp03__emo01,4.5136052762018153e-07,0.0013620995
hyst,H_t0/Vex,revealed,int04__emo03,0.46411147713661194,0.47879308
hyst,H_t0/Vex,revealed,rep03__ana07,0.47631620884385484,0.47988603
hyst,H_t0/Vex,revealed,sig_feelings__sig_specs,0.9999999278403591,0.9971231
hyst,H_t0/Vex,revealed,sig_long__sig_short,0.18877272307872772,0.036945295
hyst,H_t0/Vex,revealed,sig_roast__sig_bedtime,6.422336973344045e-08,0.0009964714
hyst,H_t0/Vex,stated_self,ana01__slf04,0.9999960338432174,0.9536767
hyst,H_t0/Vex,stated_self,ana02__hlp02,0.9999622788636771,0.8397181
hyst,H_t0/Vex,stated_self,avn01__hlp02,3.1560239222017117e-07,0.0017250333
hyst,H_t0/Vex,stated_self,avn01__pls05,5.930560043054811e-09,0.0027156794
hyst,H_t0/Vex,stated_self,avn02__hlp01,1.8454178416504874e-06,0.09155711
hyst,H_t0/Vex,stated_self,avn02__pls03,2.52173691706048e-07,0.0024871558
hyst,H_t0/Vex,stated_self,avn03__hlp05,0.5000069737434387,0.5071031
hyst,H_t0/Vex,stated_self,avn03__pls02,0.007032112218439579,0.4618139
hyst,H_t0/Vex,stated_self,avn04__hlp06,3.702722324305796e-07,0.007729683
hyst,H_t0/Vex,stated_self,avn04__pls01,1.1587222203957026e-07,0.002151075
hyst,H_t0/Vex,stated_self,cre06__hlp07,0.5000350475311279,0.51672137
hyst,H_t0/Vex,stated_self,gry01__emo06,5.6267577264179636e-08,0.0017218612
hyst,H_t0/Vex,stated_self,gry01__hlp04,4.965596289707719e-08,0.0006096183
hyst,H_t0/Vex,stated_self,gry02__emo01,3.7912800676664915e-10,0.0042392747
hyst,H_t0/Vex,stated_self,gry02__hlp05,2.1817312401140043e-09,0.002837056
hyst,H_t0/Vex,stated_self,gry03__emo04,1.1911845376744168e-07,0.0075095594
hyst,H_t0/Vex,stated_self,gry03__hlp06,0.4999946355819702,0.49934348
hyst,H_t0/Vex,stated_self,hlp03__emo01,0.9842225518077612,0.4683833
hyst,H_t0/Vex,stated_self,int04__emo03,0.9999855168989598,0.66404676
hyst,H_t0/Vex,stated_self,rep03__ana07,0.4999781847000122,0.49887002
hyst,H_t0/Vex,stated_self,sig_feelings__sig_specs,0.9910067757591605,0.7377225
hyst,H_t0/Vex,stated_self,sig_long__sig_short,0.5012225210666656,0.5659598
hyst,H_t0/Vex,stated_self,sig_roast__sig_bedtime,5.945779264493467e-07,0.013649978
hyst,H_t2/Lazlo,revealed,ana01__slf04,0.9998982810766244,0.93835604
hyst,H_t2/Lazlo,revealed,ana02__hlp02,0.3112403835812074,0.35920906
hyst,H_t2/Lazlo,revealed,avn01__hlp02,1.790873976892371e-10,0.0012750939
hyst,H_t2/Lazlo,revealed,avn01__pls05,8.91623667259589e-12,0.0018678643
hyst,H_t2/Lazlo,revealed,avn02__hlp01,8.026139752814743e-10,0.001995687
hyst,H_t2/Lazlo,revealed,avn02__pls03,4.211732091558007e-12,0.0030329789
hyst,H_t2/Lazlo,revealed,avn03__hlp05,0.3112296614861913,0.35087776
hyst,H_t2/Lazlo,revealed,avn03__pls02,0.0004554987100739219,0.04458438
hyst,H_t2/Lazlo,revealed,avn04__hlp06,1.1448674473724108e-11,0.0018884261
hyst,H_t2/Lazlo,revealed,avn04__pls01,3.11207240533129e-11,0.0032160408
hyst,H_t2/Lazlo,revealed,cre06__hlp07,0.9944448406240554,0.89809227
hyst,H_t2/Lazlo,revealed,gry01__emo06,4.868100367261263e-10,0.0022460031
hyst,H_t2/Lazlo,revealed,gry01__hlp04,1.887567185887562e-11,0.002036293
hyst,H_t2/Lazlo,revealed,gry02__emo01,5.197690096488334e-16,0.009127613
hyst,H_t2/Lazlo,revealed,gry02__hlp05,1.0439839470070388e-14,0.0037197534
hyst,H_t2/Lazlo,revealed,gry03__emo04,2.4236843434999322e-11,0.004472152
hyst,H_t2/Lazlo,revealed,gry03__hlp06,2.2710692946237288e-05,0.023017235
hyst,H_t2/Lazlo,revealed,hlp03__emo01,3.11207240533129e-11,0.004531986
hyst,H_t2/Lazlo,revealed,int04__emo03,3.7912800676664915e-10,0.002254014
hyst,H_t2/Lazlo,revealed,rep03__ana07,2.2719147500183112e-05,0.0794077
hyst,H_t2/Lazlo,revealed,sig_feelings__sig_specs,0.9075509458780289,0.602193
hyst,H_t2/Lazlo,revealed,sig_long__sig_short,5.130940117226146e-11,0.0030341416
hyst,H_t2/Lazlo,revealed,sig_roast__sig_bedtime,4.172439621022081e-07,0.0054274164
hyst,H_t2/Lazlo,stated_self,ana01__slf04,0.6289772451855242,0.53930235
hyst,H_t2/Lazlo,stated_self,ana02__hlp02,0.9998608615605917,0.76879704
hyst,H_t2/Lazlo,stated_self,avn01__hlp02,0.059601638466119766,0.49769592
hyst,H_t2/Lazlo,stated_self,avn01__pls05,7.614989527837679e-09,0.081008054
hyst,H_t2/Lazlo,stated_self,avn02__hlp01,0.4999866485595703,0.50032985
hyst,H_t2/Lazlo,stated_self,avn02__pls03,0.1887703388929367,0.497244
hyst,H_t2/Lazlo,stated_self,avn03__hlp05,0.49998247623443604,0.50036746
hyst,H_t2/Lazlo,stated_self,avn03__pls02,2.0699689073921945e-08,0.14951874
hyst,H_t2/Lazlo,stated_self,avn04__hlp06,0.0015866716157688643,0.32275197
hyst,H_t2/Lazlo,stated_self,avn04__pls01,8.026139752814743e-10,0.0049642245
hyst,H_t2/Lazlo,stated_self,cre06__hlp07,0.999999442858508,0.99305016
hyst,H_t2/Lazlo,stated_self,gry01__emo06,2.9526517342226555e-10,0.0035465267
hyst,H_t2/Lazlo,stated_self,gry01__hlp04,3.7912800676664915e-10,0.0011223245
hyst,H_t2/Lazlo,stated_self,gry02__emo01,2.5545444665847628e-12,0.0069066924
hyst,H_t2/Lazlo,stated_self,gry02__hlp05,2.4236843434999322e-11,0.0022781345
hyst,H_t2/Lazlo,stated_self,gry03__emo04,3.7912800676664915e-10,0.0071004913
hyst,H_t2/Lazlo,stated_self,gry03__hlp06,0.5,0.50570416
hyst,H_t2/Lazlo,stated_self,hlp03__emo01,3.317650367762326e-07,0.012444717
hyst,H_t2/Lazlo,stated_self,int04__emo03,0.4999999403953552,0.4999272
hyst,H_t2/Lazlo,stated_self,rep03__ana07,0.49989941716194153,0.5104953
hyst,H_t2/Lazlo,stated_self,sig_feelings__sig_specs,0.9910068805118014,0.9685409
hyst,H_t2/Lazlo,stated_self,sig_long__sig_short,1.834326592842217e-07,0.0059181275
hyst,H_t2/Lazlo,stated_self,sig_roast__sig_bedtime,2.6578925726994385e-08,0.0061892625
hyst,H_t2/Mira,revealed,ana01__slf04,0.5000000080787068,0.5004124
hyst,H_t2/Mira,revealed,ana02__hlp02,0.500000018007082,0.49730673
hyst,H_t2/Mira,revealed,avn01__hlp02,2.5545444665847628e-12,0.0011473853
hyst,H_t2/Mira,revealed,avn01__pls05,2.8378424352733418e-14,0.0017447148
hyst,H_t2/Mira,revealed,avn02__hlp01,6.588257023265598e-11,0.0015537292
hyst,H_t2/Mira,revealed,avn02__pls03,3.6438618778149995e-14,0.002908487
hyst,H_t2/Mira,revealed,avn03__hlp05,0.4999862323337845,0.45012861
hyst,H_t2/Mira,revealed,avn03__pls02,5.960477195867515e-08,0.0069724172
hyst,H_t2/Mira,revealed,avn04__hlp06,5.699958734173283e-13,0.0025298991
hyst,H_t2/Mira,revealed,avn04__pls01,4.4391327094252253e-13,0.0022101654
hyst,H_t2/Mira,revealed,cre06__hlp07,0.9910068750680514,0.8138951
hyst,H_t2/Mira,revealed,gry01__emo06,9.213125698275242e-15,0.0034953419
hyst,H_t2/Mira,revealed,gry01__hlp04,3.215696887373318e-14,0.0017271164
hyst,H_t2/Mira,revealed,gry02__emo01,7.562594967914908e-16,0.005759013
hyst,H_t2/Mira,revealed,gry02__hlp05,1.0439839470070388e-14,0.0041368934
hyst,H_t2/Mira,revealed,gry03__emo04,1.2718328452031302e-13,0.0033473363
hyst,H_t2/Mira,revealed,gry03__hlp06,1.5494096890916742e-12,0.0030398273
hyst,H_t2/Mira,revealed,hlp03__emo01,9.397644338063338e-13,0.003783933
hyst,H_t2/Mira,revealed,int04__emo03,3.11207240533129e-11,0.0046389527
hyst,H_t2/Mira,revealed,rep03__ana07,0.4999383035123932,0.46816665
hyst,H_t2/Mira,revealed,sig_feelings__sig_specs,0.9999999999997308,0.9944105
hyst,H_t2/Mira,revealed,sig_long__sig_short,5.4079709460586045e-12,0.0014329151
hyst,H_t2/Mira,revealed,sig_roast__sig_bedtime,9.710563584242222e-16,0.008087787
hyst,H_t2/Mira,stated_self,ana01__slf04,0.9999988537566367,0.96319735
hyst,H_t2/Mira,stated_self,ana02__hlp02,0.9999946369812278,0.9320729
hyst,H_t2/Mira,stated_self,avn01__hlp02,8.030433384931257e-08,0.0016407609
hyst,H_t2/Mira,stated_self,avn01__pls05,8.459489359013972e-11,0.0034141063
hyst,H_t2/Mira,stated_self,avn02__hlp01,2.11978843367433e-07,0.0014769355
hyst,H_t2/Mira,stated_self,avn02__pls03,2.029326012786825e-10,0.0028460177
hyst,H_t2/Mira,stated_self,avn03__hlp05,7.93969229562208e-05,0.4783832
hyst,H_t2/Mira,stated_self,avn03__pls02,5.6267577264179636e-08,0.017148936
hyst,H_t2/Mira,stated_self,avn04__hlp06,7.572557692014925e-08,0.004988971
hyst,H_t2/Mira,stated_self,avn04__pls01,2.801398224505647e-09,0.0021246704
hyst,H_t2/Mira,stated_self,cre06__hlp07,0.9999856957128941,0.9659252
hyst,H_t2/Mira,stated_self,gry01__emo06,1.4700386741228755e-11,0.0032224343
hyst,H_t2/Mira,stated_self,gry01__hlp04,8.026139752814743e-10,0.00063730124
hyst,H_t2/Mira,stated_self,gry02__emo01,1.3673491592453013e-12,0.0062027737
hyst,H_t2/Mira,stated_self,gry02__hlp05,3.11207240533129e-11,0.0021190413
hyst,H_t2/Mira,stated_self,gry03__emo04,3.7912800676664915e-10,0.003256228
hyst,H_t2/Mira,stated_self,gry03__hlp06,0.46207091212272644,0.49396
hyst,H_t2/Mira,stated_self,hlp03__emo01,0.005493518353301141,0.020924194
hyst,H_t2/Mira,stated_self,int04__emo03,0.5,0.5006664
hyst,H_t2/Mira,stated_self,rep03__ana07,0.5033287107944489,0.5466039
hyst,H_t2/Mira,stated_self,sig_feelings__sig_specs,0.9999999999945921,0.9899219
hyst,H_t2/Mira,stated_self,sig_long__sig_short,1.7821697952058457e-05,0.25785226
hyst,H_t2/Mira,stated_self,sig_roast__sig_bedtime,4.868100367261263e-10,0.004194709
hyst,H_t2/Vex,revealed,ana01__slf04,0.5000008640506373,0.5879216
hyst,H_t2/Vex,revealed,ana02__hlp02,0.7810882420967129,0.9016689
hyst,H_t2/Vex,revealed,avn01__hlp02,7.924870092068659e-05,0.15458736
hyst,H_t2/Vex,revealed,avn01__pls05,2.9147994581979475e-05,0.019759782
hyst,H_t2/Vex,revealed,avn02__hlp01,0.973677035421133,0.6970241
hyst,H_t2/Vex,revealed,avn02__pls03,0.42257973551750183,0.55886555
hyst,H_t2/Vex,revealed,avn03__hlp05,0.9997235736820134,0.9431913
hyst,H_t2/Vex,revealed,avn03__pls02,0.5,0.516593
hyst,H_t2/Vex,revealed,avn04__hlp06,0.31122966572578825,0.25050306
hyst,H_t2/Vex,revealed,avn04__pls01,2.271296672584633e-05,0.020727776
hyst,H_t2/Vex,revealed,cre06__hlp07,0.8112294238345328,0.8747059
hyst,H_t2/Vex,revealed,gry01__emo06,0.9973608265772782,0.67888594
hyst,H_t2/Vex,revealed,gry01__hlp04,0.4966536010977851,0.27934217
hyst,H_t2/Vex,revealed,gry02__emo01,1.7881934229711793e-07,0.01054647
hyst,H_t2/Vex,revealed,gry02__hlp05,5.0666247587011215e-06,0.023330742
hyst,H_t2/Vex,revealed,gry03__emo04,0.001586357596215393,0.20116407
hyst,H_t2/Vex,revealed,gry03__hlp06,0.9990366065294289,0.9679477
hyst,H_t2/Vex,revealed,hlp03__emo01,0.18877032758884194,0.09127991
hyst,H_t2/Vex,revealed,int04__emo03,0.7499985694885254,0.70677257
hyst,H_t2/Vex,revealed,rep03__ana07,0.49739138844131503,0.35585114
hyst,H_t2/Vex,revealed,sig_feelings__sig_specs,0.49999935834258125,0.2661599
hyst,H_t2/Vex,revealed,sig_long__sig_short,2.3879770710832915e-07,0.008990234
hyst,H_t2/Vex,revealed,sig_roast__sig_bedtime,0.5012363038942844,0.87907815
hyst,H_t2/Vex,stated_self,ana01__slf04,0.5033445621614874,0.63681394
hyst,H_t2/Vex,stated_self,ana02__hlp02,0.9999958169501042,0.95927155
hyst,H_t2/Vex,stated_self,avn01__hlp02,0.9999995246313631,0.9926248
hyst,H_t2/Vex,stated_self,avn01__pls05,0.6113499402999878,0.9106927
hyst,H_t2/Vex,stated_self,avn02__hlp01,0.9999996882216635,0.9947211
hyst,H_t2/Vex,stated_self,avn02__pls03,0.9999862321546971,0.982618
hyst,H_t2/Vex,stated_self,avn03__hlp05,0.9999987483932955,0.99210817
hyst,H_t2/Vex,stated_self,avn03__pls02,0.9999986910239613,0.9872892
hyst,H_t2/Vex,stated_self,avn04__hlp06,0.6887652738973884,0.97883856
hyst,H_t2/Vex,stated_self,avn04__pls01,0.05960293688519869,0.6606238
hyst,H_t2/Vex,stated_self,cre06__hlp07,0.9999938034430897,0.9720415
hyst,H_t2/Vex,stated_self,gry01__emo06,0.9999381835004897,0.9424582
hyst,H_t2/Vex,stated_self,gry01__hlp04,1.3121383290126687e-05,0.30913413
hyst,H_t2/Vex,stated_self,gry02__emo01,2.1255574722545134e-07,0.0070378496
hyst,H_t2/Vex,stated_self,gry02__hlp05,7.614989527837679e-09,0.0027002804
hyst,H_t2/Vex,stated_self,gry03__emo04,0.9853438846766949,0.90115213
hyst,H_t2/Vex,stated_self,gry03__hlp06,0.9999998808815462,0.994914
hyst,H_t2/Vex,stated_self,hlp03__emo01,0.4998328587824403,0.40694132
hyst,H_t2/Vex,stated_self,int04__emo03,0.9999999793003109,0.99501956
hyst,H_t2/Vex,stated_self,rep03__ana07,0.9999769668329463,0.96233773
hyst,H_t2/Vex,stated_self,sig_feelings__sig_specs,4.379322025016563e-07,0.017599352
hyst,H_t2/Vex,stated_self,sig_long__sig_short,0.6107577793300152,0.8581146
hyst,H_t2/Vex,stated_self,sig_roast__sig_bedtime,0.9999999793003109,0.99129033
hyst,H_t4/Lazlo,revealed,ana01__slf04,0.4620709246777226,0.101857945
hyst,H_t4/Lazlo,revealed,ana02__hlp02,4.186080246881829e-06,0.17662251
hyst,H_t4/Lazlo,revealed,avn01__hlp02,6.588257023265598e-11,0.0037160858
hyst,H_t4/Lazlo,revealed,avn01__pls05,3.995979588888865e-11,0.0041639265
hyst,H_t4/Lazlo,revealed,avn02__hlp01,4.2082957985023484e-07,0.005571254
hyst,H_t4/Lazlo,revealed,avn02__pls03,9.373265896783778e-08,0.09712089
hyst,H_t4/Lazlo,revealed,avn03__hlp05,2.2995279291837534e-10,0.0077786986
hyst,H_t4/Lazlo,revealed,avn03__pls02,3.93392543084764e-06,0.016789377
hyst,H_t4/Lazlo,revealed,avn04__hlp06,2.384767202670557e-07,0.00851137
hyst,H_t4/Lazlo,revealed,avn04__pls01,6.250764350568261e-10,0.008246092
hyst,H_t4/Lazlo,revealed,cre06__hlp07,0.999634451075508,0.7503871
hyst,H_t4/Lazlo,revealed,gry01__emo06,2.1817312401140043e-09,0.0112472195
hyst,H_t4/Lazlo,revealed,gry01__hlp04,9.58585780197474e-11,0.0055378145
hyst,H_t4/Lazlo,revealed,gry02__emo01,1.7212385420499292e-14,0.0091012735
hyst,H_t4/Lazlo,revealed,gry02__hlp05,1.0648925317935376e-12,0.0036539459
hyst,H_t4/Lazlo,revealed,gry03__emo04,6.72196343032283e-08,0.123295665
hyst,H_t4/Lazlo,revealed,gry03__hlp06,2.919049252980699e-05,0.18196931
hyst,H_t4/Lazlo,revealed,hlp03__emo01,0.5000783205032349,0.5159594
hyst,H_t4/Lazlo,revealed,int04__emo03,5.705698171709628e-07,0.041129436
hyst,H_t4/Lazlo,revealed,rep03__ana07,7.921919163145219e-05,0.08959588
hyst,H_t4/Lazlo,revealed,sig_feelings__sig_specs,1.5804406394703818e-10,0.013657204
hyst,H_t4/Lazlo,revealed,sig_long__sig_short,1.1223885183894375e-13,0.009553123
hyst,H_t4/Lazlo,revealed,sig_roast__sig_bedtime,6.49770889449286e-06,0.017809154
hyst,H_t4/Lazlo,stated_self,ana01__slf04,0.4966537058353424,0.475581
hyst,H_t4/Lazlo,stated_self,ana02__hlp02,0.49999624490737915,0.47496805
hyst,H_t4/Lazlo,stated_self,avn01__hlp02,0.4999999403953552,0.49981034
hyst,H_t4/Lazlo,stated_self,avn01__pls05,0.4999998211860657,0.49727207
hyst,H_t4/Lazlo,stated_self,avn02__hlp01,0.5000039339065552,0.51273614
hyst,H_t4/Lazlo,stated_self,avn02__pls03,0.5000002980232239,0.50077355
hyst,H_t4/Lazlo,stated_self,avn03__hlp05,0.4999999403953552,0.50022376
hyst,H_t4/Lazlo,stated_self,avn03__pls02,0.13447071611881256,0.4545315
hyst,H_t4/Lazlo,stated_self,avn04__hlp06,0.36552944779396057,0.47380653
hyst,H_t4/Lazlo,stated_self,avn04__pls01,0.44039851427078247,0.4538237
hyst,H_t4/Lazlo,stated_self,cre06__hlp07,0.9973898180760443,0.87182957
hyst,H_t4/Lazlo,stated_self,gry01__emo06,2.52173691706048e-07,0.08233177
hyst,H_t4/Lazlo,stated_self,gry01__hlp04,9.276955381665175e-08,0.051792722
hyst,H_t4/Lazlo,stated_self,gry02__emo01,1.255499615382405e-08,0.008309385
hyst,H_t4/Lazlo,stated_self,gry02__hlp05,2.6578925726994385e-08,0.09542394
hyst,H_t4/Lazlo,stated_self,gry03__emo04,0.5,0.49939698
hyst,H_t4/Lazlo,stated_self,gry03__hlp06,0.514656126499176,0.7181315
hyst,H_t4/Lazlo,stated_self,hlp03__emo01,0.9998982865072321,0.9444809
hyst,H_t4/Lazlo,stated_self,int04__emo03,0.5000000596046448,0.503198
hyst,H_t4/Lazlo,stated_self,rep03__ana07,0.5000105500221252,0.57140625
hyst,H_t4/Lazlo,stated_self,sig_feelings__sig_specs,9.777840759284118e-09,0.008469346
hyst,H_t4/Lazlo,stated_self,sig_long__sig_short,3.050968223720918e-13,0.0063374224
hyst,H_t4/Lazlo,stated_self,sig_roast__sig_bedtime,0.5000137686729431,0.5381614
hyst,H_t4/Mira,revealed,ana01__slf04,2.37609655258722e-13,0.014484322
hyst,H_t4/Mira,revealed,ana02__hlp02,0.49972361170251234,0.35051003
hyst,H_t4/Mira,revealed,avn01__hlp02,2.5545444665847628e-12,0.0017943868
hyst,H_t4/Mira,revealed,avn01__pls05,8.13055491124615e-15,0.0037957532
hyst,H_t4/Mira,revealed,avn02__hlp01,3.7168402036713566e-12,0.0016466696
hyst,H_t4/Mira,revealed,avn02__pls03,3.1525584267981836e-16,0.008014472
hyst,H_t4/Mira,revealed,avn03__hlp05,1.1922398993752248e-07,0.008640074
hyst,H_t4/Mira,revealed,avn03__pls02,1.1829887452117528e-14,0.008524095
hyst,H_t4/Mira,revealed,avn04__hlp06,8.741170629119818e-14,0.0021698396
hyst,H_t4/Mira,revealed,avn04__pls01,2.329442884177707e-15,0.004588263
hyst,H_t4/Mira,revealed,cre06__hlp07,0.5000080269128375,0.58888906
hyst,H_t4/Mira,revealed,gry01__emo06,1.4128785904700771e-15,0.0057807146
hyst,H_t4/Mira,revealed,gry01__hlp04,1.8141719900557083e-15,0.002640902
hyst,H_t4/Mira,revealed,gry02__emo01,1.489163065914069e-16,0.008347073
hyst,H_t4/Mira,revealed,gry02__hlp05,5.197690096488334e-16,0.0043487633
hyst,H_t4/Mira,revealed,gry03__emo04,8.5695424416549e-16,0.008622368
hyst,H_t4/Mira,revealed,gry03__hlp06,1.9504188913358096e-14,0.0035192838
hyst,H_t4/Mira,revealed,hlp03__emo01,1.0439839470070388e-14,0.00661516
hyst,H_t4/Mira,revealed,int04__emo03,1.1829887452117528e-14,0.0039655347
hyst,H_t4/Mira,revealed,rep03__ana07,0.4999998038368501,0.46624333
hyst,H_t4/Mira,revealed,sig_feelings__sig_specs,0.9999999999999982,0.9835093
hyst,H_t4/Mira,revealed,sig_long__sig_short,1.887567185887562e-11,0.0025184527
hyst,H_t4/Mira,revealed,sig_roast__sig_bedtime,7.562594967914908e-16,0.010194866
hyst,H_t4/Mira,stated_self,ana01__slf04,1.32328681345939e-09,0.0040064603
hyst,H_t4/Mira,stated_self,ana02__hlp02,0.00045944332669023424,0.124883
hyst,H_t4/Mira,stated_self,avn01__hlp02,7.215964092921467e-08,0.002588816
hyst,H_t4/Mira,stated_self,avn01__pls05,1.7557111363711297e-12,0.009994197
hyst,H_t4/Mira,stated_self,avn02__hlp01,1.1587222203957026e-07,0.0023100963
hyst,H_t4/Mira,stated_self,avn02__pls03,2.2543776741212884e-12,0.010225124
hyst,H_t4/Mira,stated_self,avn03__hlp05,1.88591775085456e-07,0.002838633
hyst,H_t4/Mira,stated_self,avn03__pls02,6.588257023265598e-11,0.003865608
hyst,H_t4/Mira,stated_self,avn04__hlp06,6.250764350568261e-10,0.0016058278
hyst,H_t4/Mira,stated_self,avn04__pls01,1.8505059680776204e-13,0.010658056
hyst,H_t4/Mira,stated_self,cre06__hlp07,0.37256109807640314,0.44943208
hyst,H_t4/Mira,stated_self,gry01__emo06,2.692469999125008e-13,0.009321768
hyst,H_t4/Mira,stated_self,gry01__hlp04,2.1388939230870818e-11,0.0026105917
hyst,H_t4/Mira,stated_self,gry02__emo01,1.0439839470070388e-14,0.010422532
hyst,H_t4/Mira,stated_self,gry02__hlp05,5.030196636827966e-13,0.0053800554
hyst,H_t4/Mira,stated_self,gry03__emo04,1.5189877418495153e-14,0.014242612
hyst,H_t4/Mira,stated_self,gry03__hlp06,2.5545444665847628e-12,0.00554163
hyst,H_t4/Mira,stated_self,hlp03__emo01,1.441175331200542e-13,0.010520888
hyst,H_t4/Mira,stated_self,int04__emo03,3.2800999329868352e-12,0.0043223756
hyst,H_t4/Mira,stated_self,rep03__ana07,0.49796606134839294,0.46425188
hyst,H_t4/Mira,stated_self,sig_feelings__sig_specs,0.9999999999999828,0.9879985
hyst,H_t4/Mira,stated_self,sig_long__sig_short,3.10667587655189e-07,0.0065850085
hyst,H_t4/Mira,stated_self,sig_roast__sig_bedtime,1.1223885183894375e-13,0.01780168
hyst,H_t4/Vex,revealed,ana01__slf04,0.500000403208996,0.58710647
hyst,H_t4/Vex,revealed,ana02__hlp02,0.999784694004159,0.9374602
hyst,H_t4/Vex,revealed,avn01__hlp02,0.5042856633663177,0.6620313
hyst,H_t4/Vex,revealed,avn01__pls05,0.9978003429132514,0.86316884
hyst,H_t4/Vex,revealed,avn02__hlp01,0.9999997274534067,0.91477716
hyst,H_t4/Vex,revealed,avn02__pls03,0.9999999874450038,0.9647541
hyst,H_t4/Vex,revealed,avn03__hlp05,0.5000005240735508,0.8402112
hyst,H_t4/Vex,revealed,avn03__pls02,0.5000792134902969,0.8484116
hyst,H_t4/Vex,revealed,avn04__hlp06,0.4999996280572425,0.50374514
hyst,H_t4/Vex,revealed,avn04__pls01,0.49993839547933305,0.45109758
hyst,H_t4/Vex,revealed,cre06__hlp07,0.9620644085580352,0.8211989
hyst,H_t4/Vex,revealed,gry01__emo06,0.9999913315523372,0.8200016
hyst,H_t4/Vex,revealed,gry01__hlp04,0.4999999531305548,0.5662667
hyst,H_t4/Vex,revealed,gry02__emo01,0.0012362898142634984,0.10415809
hyst,H_t4/Vex,revealed,gry02__hlp05,1.1954386883172852e-07,0.016174255
hyst,H_t4/Vex,revealed,gry03__emo04,0.9259763062908632,0.87967324
hyst,H_t4/Vex,revealed,gry03__hlp06,0.9999994633791096,0.982329
hyst,H_t4/Vex,revealed,hlp03__emo01,0.5000017442011995,0.5661791
hyst,H_t4/Vex,revealed,int04__emo03,0.9996451013006435,0.91777474
hyst,H_t4/Vex,revealed,rep03__ana07,0.41041064262390137,0.48097274
hyst,H_t4/Vex,revealed,sig_feelings__sig_specs,5.930560043054811e-09,0.012608186
hyst,H_t4/Vex,revealed,sig_long__sig_short,9.483198482485022e-06,0.17160328
hyst,H_t4/Vex,revealed,sig_roast__sig_bedtime,0.9999999402722703,0.9776341
hyst,H_t4/Vex,stated_self,ana01__slf04,0.5002733170986176,0.6674231
hyst,H_t4/Vex,stated_self,ana02__hlp02,0.9999993145213466,0.9891499
hyst,H_t4/Vex,stated_self,avn01__hlp02,0.9999999996208719,0.9885484
hyst,H_t4/Vex,stated_self,avn01__pls05,0.9999999072304462,0.9940192
hyst,H_t4/Vex,stated_self,avn02__hlp01,0.99999999951319,0.9964653
hyst,H_t4/Vex,stated_self,avn02__pls03,0.9999999995703917,0.99468505
hyst,H_t4/Vex,stated_self,avn03__hlp05,0.9999998808815462,0.9938793
hyst,H_t4/Vex,stated_self,avn03__pls02,0.9999999838790679,0.9943637
hyst,H_t4/Vex,stated_self,avn04__hlp06,0.9999998470488975,0.9953826
hyst,H_t4/Vex,stated_self,avn04__pls01,0.9999996762026058,0.99016374
hyst,H_t4/Vex,stated_self,cre06__hlp07,0.5001008212566376,0.65965474
hyst,H_t4/Vex,stated_self,gry01__emo06,0.9999999997047349,0.99081534
hyst,H_t4/Vex,stated_self,gry01__hlp04,0.9999998808815462,0.9808401
hyst,H_t4/Vex,stated_self,gry02__emo01,0.9999974882434799,0.97179544
hyst,H_t4/Vex,stated_self,gry02__hlp05,0.49999499320983887,0.49142432
hyst,H_t4/Vex,stated_self,gry03__emo04,0.9999999993749236,0.992281
hyst,H_t4/Vex,stated_self,gry03__hlp06,0.9999999999341174,0.9933274
hyst,H_t4/Vex,stated_self,hlp03__emo01,0.9999994065439637,0.9888399
hyst,H_t4/Vex,stated_self,int04__emo03,0.9999999968255999,0.9944608
hyst,H_t4/Vex,stated_self,rep03__ana07,0.5000790357589722,0.69816273
hyst,H_t4/Vex,stated_self,sig_feelings__sig_specs,8.459489359013972e-11,0.011933527
hyst,H_t4/Vex,stated_self,sig_long__sig_short,0.999999995381275,0.9907514
hyst,H_t4/Vex,stated_self,sig_roast__sig_bedtime,0.9999999998209126,0.9913746
hyst,H_x0/Lazlo,revealed,ana01__slf04,0.5004555242640261,0.626448
hyst,H_x0/Lazlo,revealed,ana02__hlp02,0.4969299638469238,0.51826584
hyst,H_x0/Lazlo,revealed,avn01__hlp02,1.3673491592453013e-12,0.0032372687
hyst,H_x0/Lazlo,revealed,avn01__pls05,5.030196636827966e-13,0.0035524347
hyst,H_x0/Lazlo,revealed,avn02__hlp01,2.2995279291837534e-10,0.0026948703
hyst,H_x0/Lazlo,revealed,avn02__pls03,6.9439714395214125e-12,0.004361479
hyst,H_x0/Lazlo,revealed,avn03__hlp05,3.11207240533129e-11,0.011757633
hyst,H_x0/Lazlo,revealed,avn03__pls02,0.49876368850217473,0.36704588
hyst,H_x0/Lazlo,revealed,avn04__hlp06,2.5545444665847628e-12,0.0053421743
hyst,H_x0/Lazlo,revealed,avn04__pls01,8.91623667259589e-12,0.005428874
hyst,H_x0/Lazlo,revealed,cre06__hlp07,0.8112272834609939,0.6635288
hyst,H_x0/Lazlo,revealed,gry01__emo06,1.887567185887562e-11,0.0046153823
hyst,H_x0/Lazlo,revealed,gry01__hlp04,1.2066813477248917e-12,0.00408627
hyst,H_x0/Lazlo,revealed,gry02__emo01,5.588043642043702e-15,0.008710239
hyst,H_x0/Lazlo,revealed,gry02__hlp05,2.8378424352733418e-14,0.0055973567
hyst,H_x0/Lazlo,revealed,gry03__emo04,2.9526517342226555e-10,0.008006572
hyst,H_x0/Lazlo,revealed,gry03__hlp06,2.980891064471858e-07,0.018573737
hyst,H_x0/Lazlo,revealed,hlp03__emo01,5.930560043054811e-09,0.024924094
hyst,H_x0/Lazlo,revealed,int04__emo03,1.794390107612287e-07,0.017551634
hyst,H_x0/Lazlo,revealed,rep03__ana07,2.396740787169449e-06,0.07636109
hyst,H_x0/Lazlo,revealed,sig_feelings__sig_specs,1.2513984959383606e-07,0.050486162
hyst,H_x0/Lazlo,revealed,sig_long__sig_short,1.5189877418495153e-14,0.0061246026
hyst,H_x0/Lazlo,revealed,sig_roast__sig_bedtime,3.2800999329868352e-12,0.006356658
hyst,H_x0/Lazlo,stated_self,ana01__slf04,0.5000137686729431,0.51326543
hyst,H_x0/Lazlo,stated_self,ana02__hlp02,0.5026099681854248,0.5893301
hyst,H_x0/Lazlo,stated_self,avn01__hlp02,9.777840759284118e-09,0.010156244
hyst,H_x0/Lazlo,stated_self,avn01__pls05,1.6120932144758626e-08,0.0046415864
hyst,H_x0/Lazlo,stated_self,avn02__hlp01,1.9639310266938992e-07,0.23683545
hyst,H_x0/Lazlo,stated_self,avn02__pls03,1.6120932144758626e-08,0.2598599
hyst,H_x0/Lazlo,stated_self,avn03__hlp05,0.4992493987083435,0.49202666
hyst,H_x0/Lazlo,stated_self,avn03__pls02,0.00010171349276788533,0.3933421
hyst,H_x0/Lazlo,stated_self,avn04__hlp06,2.5599774744478054e-07,0.12642989
hyst,H_x0/Lazlo,stated_self,avn04__pls01,4.382123464097276e-08,0.029385703
hyst,H_x0/Lazlo,stated_self,cre06__hlp07,0.940398421138525,0.7873517
hyst,H_x0/Lazlo,stated_self,gry01__emo06,1.32328681345939e-09,0.0023450502
hyst,H_x0/Lazlo,stated_self,gry01__hlp04,4.868100367261263e-10,0.00149919
hyst,H_x0/Lazlo,stated_self,gry02__emo01,1.3947341892528442e-10,0.004574527
hyst,H_x0/Lazlo,stated_self,gry02__hlp05,1.0862200028327607e-10,0.0029392326
hyst,H_x0/Lazlo,stated_self,gry03__emo04,3.597066422500461e-09,0.004367501
hyst,H_x0/Lazlo,stated_self,gry03__hlp06,0.4979649484157562,0.49018875
hyst,H_x0/Lazlo,stated_self,hlp03__emo01,0.9999934964353088,0.80754113
hyst,H_x0/Lazlo,stated_self,int04__emo03,0.5000000596046448,0.5026017
hyst,H_x0/Lazlo,stated_self,rep03__ana07,0.5,0.5048802
hyst,H_x0/Lazlo,stated_self,sig_feelings__sig_specs,4.382123464097276e-08,0.0884402
hyst,H_x0/Lazlo,stated_self,sig_long__sig_short,5.516280210393631e-10,0.0032727062
hyst,H_x0/Lazlo,stated_self,sig_roast__sig_bedtime,1.1911845376744168e-07,0.19416618
hyst,H_x0/Mira,revealed,ana01__slf04,0.49999999245089305,0.4749032
hyst,H_x0/Mira,revealed,ana02__hlp02,0.500000092539528,0.5066587
hyst,H_x0/Mira,revealed,avn01__hlp02,1.2066813477248917e-12,0.002622699
hyst,H_x0/Mira,revealed,avn01__pls05,1.2718328452031302e-13,0.0029635807
hyst,H_x0/Mira,revealed,avn02__hlp01,8.459489359013972e-11,0.0029474767
hyst,H_x0/Mira,revealed,avn02__pls03,7.714055766773822e-14,0.0043906663
hyst,H_x0/Mira,revealed,avn03__hlp05,0.49796493132576203,0.38803115
hyst,H_x0/Mira,revealed,avn03__pls02,1.8477444319503803e-06,0.04414968
hyst,H_x0/Mira,revealed,avn04__hlp06,3.457200075263761e-13,0.006961946
hyst,H_x0/Mira,revealed,avn04__pls01,6.007712637914539e-14,0.0048984727
hyst,H_x0/Mira,revealed,cre06__hlp07,0.5007278922294063,0.52650094
hyst,H_x0/Mira,revealed,gry01__emo06,8.13055491124615e-15,0.004228565
hyst,H_x0/Mira,revealed,gry01__hlp04,1.1829887452117528e-14,0.0031505749
hyst,H_x0/Mira,revealed,gry02__emo01,2.4552149948672353e-16,0.006549484
hyst,H_x0/Mira,revealed,gry02__hlp05,8.13055491124615e-15,0.005167213
hyst,H_x0/Mira,revealed,gry03__emo04,6.007712637914539e-14,0.0056006573
hyst,H_x0/Mira,revealed,gry03__hlp06,5.96053766646577e-08,0.013196886
hyst,H_x0/Mira,revealed,hlp03__emo01,2.5545444665847628e-12,0.009951323
hyst,H_x0/Mira,revealed,int04__emo03,5.066479400801793e-06,0.062723845
hyst,H_x0/Mira,revealed,rep03__ana07,0.023712934762641025,0.30219367
hyst,H_x0/Mira,revealed,sig_feelings__sig_specs,0.9999999999997904,0.9916924
hyst,H_x0/Mira,revealed,sig_long__sig_short,5.130940117226146e-11,0.0036682393
hyst,H_x0/Mira,revealed,sig_roast__sig_bedtime,1.100350961504026e-15,0.0065018376
hyst,H_x0/Mira,stated_self,ana01__slf04,0.4999960660934448,0.49400347
hyst,H_x0/Mira,stated_self,ana02__hlp02,0.9996448667661753,0.77086186
hyst,H_x0/Mira,stated_self,avn01__hlp02,1.0305767350615724e-09,0.0012143962
hyst,H_x0/Mira,stated_self,avn01__pls05,1.887567185887562e-11,0.004177519
hyst,H_x0/Mira,stated_self,avn02__hlp01,5.930560043054811e-09,0.0019388074
hyst,H_x0/Mira,stated_self,avn02__pls03,4.211732091558007e-12,0.0045519792
hyst,H_x0/Mira,stated_self,avn03__hlp05,7.359554263786094e-07,0.105776556
hyst,H_x0/Mira,stated_self,avn03__pls02,4.382123464097276e-08,0.024091242
hyst,H_x0/Mira,stated_self,avn04__hlp06,2.801398224505647e-09,0.0024265114
hyst,H_x0/Mira,stated_self,avn04__pls01,3.7168402036713566e-12,0.0076170233
hyst,H_x0/Mira,stated_self,cre06__hlp07,0.9979640682441868,0.85900104
hyst,H_x0/Mira,stated_self,gry01__emo06,3.2800999329868352e-12,0.005281334
hyst,H_x0/Mira,stated_self,gry01__hlp04,3.11207240533129e-11,0.0014763864
hyst,H_x0/Mira,stated_self,gry02__emo01,5.699958734173283e-13,0.008514663
hyst,H_x0/Mira,stated_self,gry02__hlp05,2.5545444665847628e-12,0.0034657838
hyst,H_x0/Mira,stated_self,gry03__emo04,7.318892670735155e-13,0.011663328
hyst,H_x0/Mira,stated_self,gry03__hlp06,1.6991339446548182e-09,0.0019451645
hyst,H_x0/Mira,stated_self,hlp03__emo01,4.868100367261263e-10,0.004955827
hyst,H_x0/Mira,stated_self,int04__emo03,0.49999910593032837,0.49058938
hyst,H_x0/Mira,stated_self,rep03__ana07,0.0001680466921243351,0.35361752
hyst,H_x0/Mira,stated_self,sig_feelings__sig_specs,0.9999999999999399,0.9839376
hyst,H_x0/Mira,stated_self,sig_long__sig_short,0.0002769257698673755,0.40249127
hyst,H_x0/Mira,stated_self,sig_roast__sig_bedtime,5.4079709460586045e-12,0.010475529
hyst,H_x0/Vex,revealed,ana01__slf04,0.5,0.49494347
hyst,H_x0/Vex,revealed,ana02__hlp02,0.9853437807312702,0.72546905
hyst,H_x0/Vex,revealed,avn01__hlp02,1.790873976892371e-10,0.002229792
hyst,H_x0/Vex,revealed,avn01__pls05,1.887567185887562e-11,0.0023582717
hyst,H_x0/Vex,revealed,avn02__hlp01,4.618724958049825e-09,0.0055489354
hyst,H_x0/Vex,revealed,avn02__pls03,0.49996256828308105,0.45032075
hyst,H_x0/Vex,revealed,avn03__hlp05,0.4999999662511138,0.48273468
hyst,H_x0/Vex,revealed,avn03__pls02,0.4999999903616327,0.49495235
hyst,H_x0/Vex,revealed,avn04__hlp06,5.965595417656289e-08,0.014622597
hyst,H_x0/Vex,revealed,avn04__pls01,8.459489359013972e-11,0.006364779
hyst,H_x0/Vex,revealed,cre06__hlp07,0.7733005732297897,0.60117835
hyst,H_x0/Vex,revealed,gry01__emo06,4.382123464097276e-08,0.036155954
hyst,H_x0/Vex,revealed,gry01__hlp04,6.588257023265598e-11,0.007286727
hyst,H_x0/Vex,revealed,gry02__emo01,1.9504188913358096e-14,0.0074033127
hyst,H_x0/Vex,revealed,gry02__hlp05,1.2718328452031302e-13,0.007141946
hyst,H_x0/Vex,revealed,gry03__emo04,2.801398224505647e-09,0.016040592
hyst,H_x0/Vex,revealed,gry03__hlp06,0.8112296418802103,0.69941753
hyst,H_x0/Vex,revealed,hlp03__emo01,8.026139752814743e-10,0.014286214
hyst,H_x0/Vex,revealed,int04__emo03,0.1344707327191077,0.2534352
hyst,H_x0/Vex,revealed,rep03__ana07,2.2725490591568587e-05,0.17720154
hyst,H_x0/Vex,revealed,sig_feelings__sig_specs,0.5001676652911105,0.57760555
hyst,H_x0/Vex,revealed,sig_long__sig_short,5.930560043054811e-09,0.0053125694
hyst,H_x0/Vex,revealed,sig_roast__sig_bedtime,0.9885113228982563,0.8388536
hyst,H_x0/Vex,stated_self,ana01__slf04,0.5000009536743164,0.50778997
hyst,H_x0/Vex,stated_self,ana02__hlp02,0.9999976074527694,0.91425204
hyst,H_x0/Vex,stated_self,avn01__hlp02,0.023712996393442154,0.48880365
hyst,H_x0/Vex,stated_self,avn01__pls05,0.4999998211860657,0.49429896
hyst,H_x0/Vex,stated_self,avn02__hlp01,0.9997233126487117,0.93521595
hyst,H_x0/Vex,stated_self,avn02__pls03,0.9853438846766949,0.9482765
hyst,H_x0/Vex,stated_self,avn03__hlp05,0.8655291762104724,0.8817395
hyst,H_x0/Vex,stated_self,avn03__pls02,0.9999999277509914,0.9881749
hyst,H_x0/Vex,stated_self,avn04__hlp06,0.8508731536567211,0.7858696
hyst,H_x0/Vex,stated_self,avn04__pls01,0.499938428401947,0.48875484
hyst,H_x0/Vex,stated_self,cre06__hlp07,0.9944981872040444,0.8366417
hyst,H_x0/Vex,stated_self,gry01__emo06,0.9999625768869009,0.95452774
hyst,H_x0/Vex,stated_self,gry01__hlp04,9.276955381665175e-08,0.0036819258
hyst,H_x0/Vex,stated_self,gry02__emo01,2.0699689073921945e-08,0.004451704
hyst,H_x0/Vex,stated_self,gry02__hlp05,3.995979588888865e-11,0.0029396482
hyst,H_x0/Vex,stated_self,gry03__emo04,0.5000083446502686,0.6385945
hyst,H_x0/Vex,stated_self,gry03__hlp06,0.9997236106719356,0.9407474
hyst,H_x0/Vex,stated_self,hlp03__emo01,0.9999959938444363,0.9226452
hyst,H_x0/Vex,stated_self,int04__emo03,0.9999999277509914,0.98797596
hyst,H_x0/Vex,stated_self,rep03__ana07,0.523699164390564,0.5873522
hyst,H_x0/Vex,stated_self,sig_feelings__sig_specs,4.868100367261263e-10,0.03095804
hyst,H_x0/Vex,stated_self,sig_long__sig_short,0.9999997870580515,0.9616754
hyst,H_x0/Vex,stated_self,sig_roast__sig_bedtime,0.9999999999341174,0.9852161
hyst,H_x2/Lazlo,revealed,ana01__slf04,0.500000403208996,0.5142833
hyst,H_x2/Lazlo,revealed,ana02__hlp02,0.49665596706608994,0.44006062
hyst,H_x2/Lazlo,revealed,avn01__hlp02,2.2543776741212884e-12,0.0016955159
hyst,H_x2/Lazlo,revealed,avn01__pls05,1.2066813477248917e-12,0.0024836084
hyst,H_x2/Lazlo,revealed,avn02__hlp01,1.790873976892371e-10,0.0013626525
hyst,H_x2/Lazlo,revealed,avn02__pls03,1.0103418969509281e-11,0.0024078873
hyst,H_x2/Lazlo,revealed,avn03__hlp05,1.1931791155106453e-07,0.005359833
hyst,H_x2/Lazlo,revealed,avn03__pls02,0.4999999072657106,0.4982591
hyst,H_x2/Lazlo,revealed,avn04__hlp06,5.963576549944394e-08,0.002819526
hyst,H_x2/Lazlo,revealed,avn04__pls01,2.9526517342226555e-10,0.0029417514
hyst,H_x2/Lazlo,revealed,cre06__hlp07,0.7499976074527694,0.7048685
hyst,H_x2/Lazlo,revealed,gry01__emo06,3.11207240533129e-11,0.0027969442
hyst,H_x2/Lazlo,revealed,gry01__hlp04,1.3673491592453013e-12,0.0019376513
hyst,H_x2/Lazlo,revealed,gry02__emo01,8.13055491124615e-15,0.008058995
hyst,H_x2/Lazlo,revealed,gry02__hlp05,1.9504188913358096e-14,0.0033685379
hyst,H_x2/Lazlo,revealed,gry03__emo04,3.7912800676664915e-10,0.004808028
hyst,H_x2/Lazlo,revealed,gry03__hlp06,8.94448799637626e-07,0.006691033
hyst,H_x2/Lazlo,revealed,hlp03__emo01,5.705698171709628e-07,0.01563785
hyst,H_x2/Lazlo,revealed,int04__emo03,1.432693205849489e-06,0.0095254565
hyst,H_x2/Lazlo,revealed,rep03__ana07,3.1119965244741365e-06,0.039646756
hyst,H_x2/Lazlo,revealed,sig_feelings__sig_specs,1.32328681345939e-09,0.007104343
hyst,H_x2/Lazlo,revealed,sig_long__sig_short,5.301788264596048e-14,0.00393516
hyst,H_x2/Lazlo,revealed,sig_roast__sig_bedtime,5.962130249746733e-08,0.0046783616
hyst,H_x2/Lazlo,stated_self,ana01__slf04,0.5033459961414337,0.51995194
hyst,H_x2/Lazlo,stated_self,ana02__hlp02,0.5000062584877014,0.5182587
hyst,H_x2/Lazlo,stated_self,avn01__hlp02,9.276955381665175e-08,0.030097665
hyst,H_x2/Lazlo,stated_self,avn01__pls05,2.6578925726994385e-08,0.0038836703
hyst,H_x2/Lazlo,stated_self,avn02__hlp01,0.49876388907432556,0.4982031
hyst,H_x2/Lazlo,stated_self,avn02__pls03,8.3507102317526e-06,0.47504666
hyst,H_x2/Lazlo,stated_self,avn03__hlp05,0.49995195865631104,0.497102
hyst,H_x2/Lazlo,stated_self,avn03__pls02,7.933731831144542e-05,0.3714741
hyst,H_x2/Lazlo,stated_self,avn04__hlp06,0.0007520216749981046,0.4323287
hyst,H_x2/Lazlo,stated_self,avn04__pls01,1.7678125004749745e-05,0.25544605
hyst,H_x2/Lazlo,stated_self,cre06__hlp07,0.5146558880805969,0.61685634
hyst,H_x2/Lazlo,stated_self,gry01__emo06,3.597066422500461e-09,0.0020780214
hyst,H_x2/Lazlo,stated_self,gry01__hlp04,2.1817312401140043e-09,0.0009631656
hyst,H_x2/Lazlo,stated_self,gry02__emo01,6.250764350568261e-10,0.0051886165
hyst,H_x2/Lazlo,stated_self,gry02__hlp05,1.4994804287127295e-09,0.0019744167
hyst,H_x2/Lazlo,stated_self,gry03__emo04,3.4128014192447154e-08,0.006915838
hyst,H_x2/Lazlo,stated_self,gry03__hlp06,0.5000001788139343,0.5004211
hyst,H_x2/Lazlo,stated_self,hlp03__emo01,0.9999621596543875,0.69114757
hyst,H_x2/Lazlo,stated_self,int04__emo03,0.5000007152557373,0.50332636
hyst,H_x2/Lazlo,stated_self,rep03__ana07,0.5,0.5029676
hyst,H_x2/Lazlo,stated_self,sig_feelings__sig_specs,7.614989527837679e-09,0.007531951
hyst,H_x2/Lazlo,stated_self,sig_long__sig_short,5.130940117226146e-11,0.0032143688
hyst,H_x2/Lazlo,stated_self,sig_roast__sig_bedtime,0.49998944997787476,0.49279112
hyst,H_x2/Mira,revealed,ana01__slf04,0.4999999671952726,0.4976111
hyst,H_x2/Mira,revealed,ana02__hlp02,0.49998642854779973,0.4813295
hyst,H_x2/Mira,revealed,avn01__hlp02,1.0648925317935376e-12,0.0013959568
hyst,H_x2/Mira,revealed,avn01__pls05,9.905043365371347e-14,0.0025994452
hyst,H_x2/Mira,revealed,avn02__hlp01,5.130940117226146e-11,0.0018520321
hyst,H_x2/Mira,revealed,avn02__pls03,2.2101141107662946e-14,0.0040441677
hyst,H_x2/Mira,revealed,avn03__hlp05,0.00016766795034806742,0.18217547
hyst,H_x2/Mira,revealed,avn03__pls02,3.933908809553455e-06,0.020896014
hyst,H_x2/Mira,revealed,avn04__hlp06,1.4700386741228755e-11,0.002222969
hyst,H_x2/Mira,revealed,avn04__pls01,9.397644338063338e-13,0.003203605
hyst,H_x2/Mira,revealed,cre06__hlp07,0.9403966509511292,0.7281916
hyst,H_x2/Mira,revealed,gry01__emo06,1.340501890940331e-14,0.0033513892
hyst,H_x2/Mira,revealed,gry01__hlp04,2.504387417389363e-14,0.0018893473
hyst,H_x2/Mira,revealed,gry02__emo01,8.5695424416549e-16,0.006415463
hyst,H_x2/Mira,revealed,gry02__hlp05,4.93143090111222e-15,0.003538866
hyst,H_x2/Mira,revealed,gry03__emo04,1.441175331200542e-13,0.0048188814
hyst,H_x2/Mira,revealed,gry03__hlp06,1.192146975217273e-07,0.0032551433
hyst,H_x2/Mira,revealed,hlp03__emo01,8.91623667259589e-12,0.006267013
hyst,H_x2/Mira,revealed,int04__emo03,1.1325124875758569e-06,0.012989073
hyst,H_x2/Mira,revealed,rep03__ana07,1.7703902785104475e-05,0.10042802
hyst,H_x2/Mira,revealed,sig_feelings__sig_specs,0.9999999999995561,0.99244237
hyst,H_x2/Mira,revealed,sig_long__sig_short,3.11207240533129e-11,0.0014454401
hyst,H_x2/Mira,revealed,sig_roast__sig_bedtime,3.840602389880345e-15,0.005725401
hyst,H_x2/Mira,stated_self,ana01__slf04,0.4620709717273712,0.47493193
hyst,H_x2/Mira,stated_self,ana02__hlp02,0.7810879945755005,0.6247162
hyst,H_x2/Mira,stated_self,avn01__hlp02,3.597066422500461e-09,0.001018849
hyst,H_x2/Mira,stated_self,avn01__pls05,7.868551296641435e-12,0.006524392
hyst,H_x2/Mira,stated_self,avn02__hlp01,9.373265896783778e-08,0.0015217621
hyst,H_x2/Mira,stated_self,avn02__pls03,1.4700386741228755e-11,0.005762867
hyst,H_x2/Mira,stated_self,avn03__hlp05,1.2178670658613555e-06,0.18877316
hyst,H_x2/Mira,stated_self,avn03__pls02,2.52173691706048e-07,0.048297357
hyst,H_x2/Mira,stated_self,avn04__hlp06,2.5106294287979836e-07,0.0058970475
hyst,H_x2/Mira,stated_self,avn04__pls01,1.6657722076707238e-11,0.008246994
hyst,H_x2/Mira,stated_self,cre06__hlp07,0.9999983700300845,0.9902128
hyst,H_x2/Mira,stated_self,gry01__emo06,1.3673491592453013e-12,0.006312187
hyst,H_x2/Mira,stated_self,gry01__hlp04,2.7463940843741597e-11,0.0013057677
hyst,H_x2/Mira,stated_self,gry02__emo01,9.397644338063338e-13,0.009151106
hyst,H_x2/Mira,stated_self,gry02__hlp05,7.868551296641435e-12,0.0032465707
hyst,H_x2/Mira,stated_self,gry03__emo04,3.457200075263761e-13,0.012996168
hyst,H_x2/Mira,stated_self,gry03__hlp06,3.597066422500461e-09,0.0012989052
hyst,H_x2/Mira,stated_self,hlp03__emo01,1.1983436598583808e-07,0.00595529
hyst,H_x2/Mira,stated_self,int04__emo03,0.5,0.49898243
hyst,H_x2/Mira,stated_self,rep03__ana07,0.9910018285736442,0.61053073
hyst,H_x2/Mira,stated_self,sig_feelings__sig_specs,0.9999999999998559,0.980735
hyst,H_x2/Mira,stated_self,sig_long__sig_short,0.0001082103990484029,0.43500218
hyst,H_x2/Mira,stated_self,sig_roast__sig_bedtime,3.5264399039780514e-11,0.010984133
hyst,H_x2/Vex,revealed,ana01__slf04,0.5000000516488523,0.5060542
hyst,H_x2/Vex,revealed,ana02__hlp02,0.5089930709035357,0.62975806
hyst,H_x2/Vex,revealed,avn01__hlp02,6.250764350568261e-10,0.001171846
hyst,H_x2/Vex,revealed,avn01__pls05,3.5264399039780514e-11,0.0011797261
hyst,H_x2/Vex,revealed,avn02__hlp01,1.3533022169553988e-07,0.0040480946
hyst,H_x2/Vex,revealed,avn02__pls03,0.00013065476377960294,0.3731506
hyst,H_x2/Vex,revealed,avn03__hlp05,0.49999997967943893,0.49639383
hyst,H_x2/Vex,revealed,avn03__pls02,0.4999999988488455,0.49914217
hyst,H_x2/Vex,revealed,avn04__hlp06,2.270966492459725e-05,0.15710758
hyst,H_x2/Vex,revealed,avn04__pls01,2.2713988384381878e-05,0.098692186
hyst,H_x2/Vex,revealed,cre06__hlp07,0.9937559467507526,0.7367723
hyst,H_x2/Vex,revealed,gry01__emo06,2.9180371825532347e-06,0.09852215
hyst,H_x2/Vex,revealed,gry01__hlp04,1.7895340774509716e-07,0.0034505432
hyst,H_x2/Vex,revealed,gry02__emo01,1.9504188913358096e-14,0.006082178
hyst,H_x2/Vex,revealed,gry02__hlp05,4.1290365901782214e-14,0.004162165
hyst,H_x2/Vex,revealed,gry03__emo04,7.250335780639716e-07,0.024220936
hyst,H_x2/Vex,revealed,gry03__hlp06,0.9999892635489509,0.9743318
hyst,H_x2/Vex,revealed,hlp03__emo01,0.0002764263179866333,0.065972745
hyst,H_x2/Vex,revealed,int04__emo03,0.49999997031134846,0.48606563
hyst,H_x2/Vex,revealed,rep03__ana07,1.0741391055724137e-05,0.085543424
hyst,H_x2/Vex,revealed,sig_feelings__sig_specs,1.1969609958750738e-07,0.0068888515
hyst,H_x2/Vex,revealed,sig_long__sig_short,7.614989527837679e-09,0.0018747676
hyst,H_x2/Vex,revealed,sig_roast__sig_bedtime,0.999996066069208,0.98003054
hyst,H_x2/Vex,stated_self,ana01__slf04,0.49995240569114685,0.523159
hyst,H_x2/Vex,stated_self,ana02__hlp02,0.9999991198284306,0.9634048
hyst,H_x2/Vex,stated_self,avn01__hlp02,0.9957112576812506,0.8945385
hyst,H_x2/Vex,stated_self,avn01__pls05,0.9998694048408652,0.96250665
hyst,H_x2/Vex,stated_self,avn02__hlp01,0.9999999561787654,0.99223924
hyst,H_x2/Vex,stated_self,avn02__pls03,0.9999997478263083,0.991047
hyst,H_x2/Vex,stated_self,avn03__hlp05,0.9999995828583224,0.98502547
hyst,H_x2/Vex,stated_self,avn03__pls02,0.9999999793003109,0.990741
hyst,H_x2/Vex,stated_self,avn04__hlp06,0.9999989095372257,0.9899119
hyst,H_x2/Vex,stated_self,avn04__pls01,0.9999988537566367,0.9788202
hyst,H_x2/Vex,stated_self,cre06__hlp07,0.9984112745150924,0.9180418
hyst,H_x2/Vex,stated_self,gry01__emo06,0.9999996762026058,0.97738665
hyst,H_x2/Vex,stated_self,gry01__hlp04,3.8340203900588676e-07,0.12460789
hyst,H_x2/Vex,stated_self,gry02__emo01,1.9639310266938992e-07,0.0068665636
hyst,H_x2/Vex,stated_self,gry02__hlp05,1.32328681345939e-09,0.0014751628
hyst,H_x2/Vex,stated_self,gry03__emo04,0.9999998470488975,0.97404635
hyst,H_x2/Vex,stated_self,gry03__hlp06,0.9999999986767132,0.98686635
hyst,H_x2/Vex,stated_self,hlp03__emo01,0.999999727839608,0.98766553
hyst,H_x2/Vex,stated_self,int04__emo03,0.999999998300866,0.9950024
hyst,H_x2/Vex,stated_self,rep03__ana07,0.9979646331630647,0.78131497
hyst,H_x2/Vex,stated_self,sig_feelings__sig_specs,1.0862200028327607e-10,0.025676977
hyst,H_x2/Vex,stated_self,sig_long__sig_short,0.999999906267341,0.9748616
hyst,H_x2/Vex,stated_self,sig_roast__sig_bedtime,0.9999999999921314,0.98650014
